api_id,api_sortno,api_name,api_yomi,api_ename,api_stype,api_ctype,api_afterlv,api_aftershipid,hp,mod hp,armor,max armor,firepower,max firepower,torpedo,max torpedo,antiair,max antiair,asw,luck,max luck,speed,range,no of slots,Slot 1 planes,Slot 2 planes,Slot 3 planes,Slot 4 planes,Slot 5 planes,api_buildtime,scrap fuel,scrap ammo,scrap steel,scrap bauxite,mod fp,mod torp,mod aa,mod armor,api_backs,remod ammo,remod steel,refuel fuel,refuel ammo,api_voicef,asw growth,evasion,evasion growth,los,los growth,equip_id1,equip_id2,equip_id3,equip_id4,convertible
80,1,長門,ながと,Nagato,9,19,30,275,80,94,75,89,82,99,0,0,31,89,,20,79,5,3,4,3,3,3,3,0,300,10,20,40,3,5,0,1,4,7,800,900,100,130,0,0,0,0,0,0,0,0,0,0,0
81,2,陸奥,むつ,Mutsu,9,19,30,276,80,94,75,89,82,99,0,0,31,89,,3,39,5,3,4,3,3,3,3,0,300,10,20,40,3,5,0,1,4,7,800,900,100,130,0,0,0,0,0,0,0,0,0,0,0
77,3,伊勢,いせ,Ise,9,2,10,82,74,89,70,89,74,89,0,0,28,79,,15,69,5,3,4,3,3,3,3,0,270,9,18,37,3,4,0,1,4,5,500,150,85,120,0,0,0,0,0,0,0,0,0,0,0
87,4,日向,ひゅうが,Hyuuga,9,2,10,88,74,89,70,89,74,94,0,0,28,79,,15,69,5,3,4,3,3,3,3,0,270,9,18,37,3,4,0,1,4,5,500,150,85,120,0,0,0,0,0,0,0,0,0,0,0
20,5,雪風,ゆきかぜ,Yukikaze,2,30,20,228,16,39,7,29,10,29,24,79,12,49,,50,99,10,1,2,0,0,0,0,0,24,1,1,6,0,0,1,1,1,6,100,100,15,20,0,0,0,0,0,0,0,0,0,0,0
83,6,赤城,あかぎ,Akagi,11,14,30,277,69,79,28,54,0,39,0,0,32,69,,12,49,10,1,4,18,18,27,10,0,270,8,12,30,7,0,0,5,3,6,700,300,60,55,1,0,0,0,0,0,0,0,0,0,0
84,7,加賀,かが,Kaga,11,3,30,278,71,89,29,59,0,39,0,0,28,69,,10,49,10,1,4,18,18,45,12,0,260,8,14,32,9,0,0,5,3,5,750,300,60,55,1,0,0,0,0,0,0,0,0,0,0
90,8,蒼龍,そうりゅう,Souryuu,11,17,30,279,50,79,27,49,0,29,0,0,26,69,,10,49,10,1,4,12,27,18,7,0,250,7,10,26,6,0,0,4,3,5,650,300,50,50,1,0,0,0,0,0,0,0,0,0,0
91,9,飛龍,ひりゅう,Hiryuu,11,25,30,280,50,79,27,49,0,29,0,0,26,69,,35,89,10,1,4,12,27,18,7,0,250,7,10,26,6,0,0,4,3,6,650,300,50,50,1,0,0,0,0,0,0,0,0,0,0
50,10,島風,しまかぜ,Shimakaze,2,22,20,229,19,39,8,29,12,29,45,89,14,49,,10,49,10,1,2,0,0,0,0,0,30,1,1,5,0,0,2,1,1,6,120,100,20,25,0,0,0,0,0,0,0,0,0,0,0
9,11,吹雪,ふぶき,Fubuki,2,12,20,201,15,29,5,19,10,29,27,79,10,39,20,17,49,10,1,2,0,0,0,0,0,20,1,1,5,0,1,1,0,0,3,100,100,15,20,0,29,40,49,5,14,0,0,0,0,0
10,12,白雪,しらゆき,Shirayuki,2,12,20,202,15,29,5,19,10,29,27,69,10,39,,10,49,10,1,2,0,0,0,0,0,20,1,1,5,0,0,1,0,0,2,100,100,15,20,0,0,0,0,0,0,0,0,0,0,0
32,13,初雪,はつゆき,Hatsuyuki,2,12,20,203,15,29,5,19,10,29,27,69,10,39,,10,49,10,1,2,0,0,0,0,0,20,1,1,5,0,0,1,0,0,1,100,100,15,20,0,0,0,0,0,0,0,0,0,0,0
11,14,深雪,みゆき,Miyuki,2,12,20,204,15,29,5,19,10,29,27,69,10,39,,10,49,10,1,2,0,0,0,0,0,20,1,1,5,0,0,1,0,0,2,100,100,15,20,0,0,0,0,0,0,0,0,0,0,0
33,15,叢雲,むらくも,Murakumo,2,12,20,205,15,29,5,19,10,29,27,69,10,39,20,10,49,10,1,2,0,0,0,0,0,20,1,1,5,0,0,1,0,0,2,100,100,15,20,1,29,40,39,5,14,0,0,0,0,0
12,16,磯波,いそなみ,Isonami,2,12,20,206,15,29,5,19,10,29,27,69,10,39,,10,49,10,1,2,0,0,0,0,0,20,1,1,5,0,0,1,0,0,1,100,100,15,20,0,0,0,0,0,0,0,0,0,0,0
13,17,綾波,あやなみ,Ayanami,2,1,20,207,15,29,5,19,10,29,27,79,12,39,,12,49,10,1,2,0,0,0,0,0,20,1,1,5,0,1,1,0,0,3,100,100,15,20,0,0,0,0,0,0,0,0,0,0,0
14,18,敷波,しきなみ,Shikinami,2,1,20,208,15,29,5,19,10,29,27,69,12,39,,10,49,10,1,2,0,0,0,0,0,20,1,1,5,0,0,1,0,0,2,100,100,15,20,0,0,0,0,0,0,0,0,0,0,0
24,19,大井,おおい,Ooi,3,4,10,57,25,39,11,29,14,49,24,89,13,59,,17,49,10,2,2,0,0,0,0,0,60,2,2,9,0,0,1,0,1,5,100,400,25,25,1,0,0,0,0,0,0,0,0,0,0
25,20,北上,きたかみ,Kitakami,3,4,10,58,25,39,10,29,14,39,24,79,13,49,,15,69,10,2,2,0,0,0,0,0,60,2,2,9,0,0,1,0,1,4,100,400,25,25,1,0,0,0,0,0,0,0,0,0,0
78,21,金剛,こんごう,Kongou,8,6,25,209,63,79,52,69,63,89,0,0,24,69,,12,49,10,3,3,3,3,3,0,0,240,10,14,33,3,3,0,1,3,5,400,600,80,110,0,0,0,0,0,0,0,0,0,0,0
86,22,比叡,ひえい,Hiei,8,6,25,210,63,79,52,69,63,89,0,0,24,69,,10,49,10,3,3,3,3,3,0,0,240,10,14,33,3,3,0,1,3,5,400,600,80,110,0,0,0,0,0,0,0,0,0,0,0
79,23,榛名,はるな,Haruna,8,6,25,211,63,79,52,69,63,89,0,0,24,69,,15,69,10,3,3,3,3,3,0,0,240,10,14,33,3,3,0,1,3,5,400,600,80,110,0,0,0,0,0,0,0,0,0,0,0
85,24,霧島,きりしま,Kirishima,8,6,25,212,63,79,52,69,63,89,0,0,24,69,,10,49,10,3,3,3,3,3,0,0,240,10,14,33,3,3,0,1,3,5,400,600,80,110,0,0,0,0,0,0,0,0,0,0,0
89,25,鳳翔,ほうしょう,Houshou,7,27,25,285,30,49,15,39,0,19,0,0,10,29,,20,69,5,1,2,8,11,0,0,0,120,2,1,12,2,0,0,1,2,3,350,150,25,25,0,0,0,0,0,0,0,0,0,0,0
26,26,扶桑,ふそう,Fusou,9,26,20,286,67,89,59,79,74,94,0,0,23,79,,5,39,5,3,4,3,3,3,3,0,260,9,18,36,3,4,0,1,3,4,500,150,85,120,0,0,0,0,0,0,0,0,0,0,0
27,27,山城,やましろ,Yamashiro,9,26,20,287,67,89,59,79,74,94,0,0,23,79,,5,39,5,3,4,3,3,3,3,0,260,9,18,36,3,4,0,1,3,4,500,150,85,120,0,0,0,0,0,0,0,0,0,0,0
51,28,天龍,てんりゅう,Tenryuu,3,21,20,213,23,35,7,29,11,39,18,59,8,39,,17,49,10,2,2,0,0,0,0,0,60,1,1,8,0,0,1,0,1,3,150,200,25,20,0,0,0,0,0,0,0,0,0,0,0
52,29,龍田,たつた,Tatsuta,3,21,20,214,23,35,7,29,11,39,18,59,8,39,,17,49,10,2,2,0,0,0,0,0,60,1,1,8,0,0,1,0,1,3,150,200,25,20,0,0,0,0,0,0,0,0,0,0,0
76,30,龍驤,りゅうじょう,Ryuujou,7,32,25,281,31,54,17,39,0,19,0,0,16,29,,10,49,10,1,3,9,24,5,0,0,170,2,2,14,4,0,0,2,2,4,400,220,35,35,0,0,0,0,0,0,0,0,0,0,0
1,31,睦月,むつき,Mutsuki,2,28,20,254,13,24,5,18,6,29,18,59,7,29,,12,49,10,1,2,0,0,0,0,0,18,1,1,4,0,1,1,0,0,3,100,100,15,15,0,0,0,0,0,0,0,0,0,0,0
2,32,如月,きさらぎ,Kisaragi,2,28,20,255,13,24,5,18,6,29,18,49,7,29,,10,49,10,1,2,0,0,0,0,0,18,1,1,4,0,0,1,0,0,2,100,100,15,15,0,0,0,0,0,0,0,0,0,0,0
28,33,皐月,さつき,Satsuki,2,28,20,256,13,24,5,18,6,29,18,49,7,29,,10,49,10,1,2,0,0,0,0,0,18,1,1,4,0,0,1,0,0,2,100,100,15,15,0,0,0,0,0,0,0,0,0,0,0
29,34,文月,ふみづき,Fumizuki,2,28,20,257,13,24,5,18,6,29,18,49,7,29,,10,49,10,1,2,0,0,0,0,0,18,1,1,4,0,0,1,0,0,2,100,100,15,15,0,0,0,0,0,0,0,0,0,0,0
6,35,長月,ながつき,Nagatsuki,2,28,20,258,13,24,5,18,6,29,18,49,7,29,,15,69,10,1,2,0,0,0,0,0,18,1,1,4,0,0,1,0,0,2,100,100,15,15,0,0,0,0,0,0,0,0,0,0,0
30,36,菊月,きくづき,Kikuzuki,2,28,20,259,13,24,5,18,6,29,18,49,7,29,,10,49,10,1,2,0,0,0,0,0,18,1,1,4,0,0,1,0,0,1,100,100,15,15,0,0,0,0,0,0,0,0,0,0,0
7,37,三日月,みかづき,Mikazuki,2,28,20,260,13,24,5,18,6,29,18,49,7,29,,10,49,10,1,2,0,0,0,0,0,18,1,1,4,0,0,1,0,0,1,100,100,15,15,0,0,0,0,0,0,0,0,0,0,0
31,38,望月,もちづき,Mochizuki,2,28,20,261,13,24,5,18,6,29,18,49,7,29,,10,49,10,1,2,0,0,0,0,0,18,1,1,4,0,0,1,0,0,1,100,100,15,15,0,0,0,0,0,0,0,0,0,0,0
99,39,球磨,くま,Kuma,3,4,20,215,25,39,10,29,14,49,24,89,13,59,,12,49,10,2,2,1,1,0,0,0,60,2,2,10,0,0,1,0,2,4,200,200,25,25,0,0,0,0,0,0,0,0,0,0,0
100,40,多摩,たま,Tama,3,4,20,216,25,39,10,29,14,39,24,79,13,49,,10,49,10,2,2,1,1,0,0,0,60,2,2,10,0,0,1,0,1,2,200,200,25,25,0,0,0,0,0,0,0,0,0,0,0
101,41,木曾,きそ,Kiso,3,4,20,217,25,39,10,29,14,39,24,79,13,49,,10,49,10,2,2,1,1,0,0,0,60,2,2,10,0,0,1,0,1,1,200,200,25,25,0,0,0,0,0,0,0,0,0,0,0
21,42,長良,ながら,Nagara,3,20,20,218,26,39,10,29,14,49,24,89,13,59,,12,49,10,2,2,1,1,0,0,0,60,2,2,10,0,0,1,0,2,4,200,200,25,25,0,0,0,0,0,0,0,0,0,0,0
22,43,五十鈴,いすず,Isuzu,3,20,12,219,26,39,10,29,14,39,24,79,13,49,,10,49,10,2,2,1,1,0,0,0,60,2,2,10,0,0,1,0,1,2,200,200,25,25,0,0,0,0,0,0,0,0,0,0,0
53,44,名取,なとり,Natori,3,20,20,221,26,39,10,29,14,39,24,79,13,49,,10,49,10,2,2,1,1,0,0,0,60,2,2,10,0,0,1,0,1,2,200,200,25,25,0,0,0,0,0,0,0,0,0,0,0
23,45,由良,ゆら,Yura,3,20,20,220,26,39,10,29,14,39,24,79,13,49,,10,49,10,2,2,1,1,0,0,0,60,2,2,10,0,0,1,0,1,1,200,200,25,25,0,0,0,0,0,0,0,0,0,0,0
54,46,川内,せんだい,Sendai,3,16,20,222,26,39,11,29,14,49,24,89,13,59,,12,49,10,2,2,1,1,0,0,0,60,2,2,10,0,0,1,0,2,4,200,200,25,25,0,0,0,0,0,0,0,0,0,0,0
55,47,神通,じんつう,Jintsuu,3,16,20,223,26,39,11,29,14,39,24,79,13,49,,10,49,10,2,2,1,1,0,0,0,60,2,2,10,0,0,1,0,1,1,200,200,25,25,0,0,0,0,0,0,0,0,0,0,0
56,48,那珂,なか,Naka,3,16,20,224,26,39,11,29,14,39,24,79,13,49,,10,49,10,2,2,1,1,0,0,0,60,2,2,10,0,0,1,0,1,2,200,200,25,25,0,0,0,0,0,0,0,0,0,0,0
102,49,千歳,ちとせ,Chitose,16,15,10,104,40,59,18,39,9,29,0,0,14,29,,10,49,10,1,2,12,12,0,0,0,140,3,1,13,4,0,0,1,2,2,70,40,35,35,0,0,0,0,0,0,0,0,0,0,0
103,50,千代田,ちよだ,Chiyoda,16,15,10,105,40,59,18,39,9,29,0,0,14,29,,10,49,10,1,2,12,12,0,0,0,140,3,1,13,4,0,0,1,2,1,70,40,35,35,0,0,0,0,0,0,0,0,0,0,0
70,51,最上,もがみ,Mogami,5,9,10,73,41,59,31,59,40,59,18,69,20,59,,10,49,10,2,3,2,2,2,0,0,90,2,3,12,1,2,1,0,2,4,210,70,40,65,1,0,0,0,0,0,0,0,0,0,0
59,52,古鷹,ふるたか,Furutaka,5,7,25,262,36,49,25,34,30,54,12,59,16,59,,10,49,10,2,3,2,2,2,0,0,60,2,2,10,1,2,1,0,2,3,250,300,35,50,0,0,0,0,0,0,0,0,0,0,0
60,53,加古,かこ,Kako,5,7,25,263,36,49,25,34,30,49,12,49,16,49,,10,49,10,2,3,2,2,2,0,0,60,2,2,10,1,2,1,0,2,1,250,300,35,50,0,0,0,0,0,0,0,0,0,0,0
61,54,青葉,あおば,Aoba,5,13,25,264,37,49,26,37,30,54,12,59,16,59,,20,69,10,2,3,2,2,2,0,0,60,2,2,10,1,2,1,0,2,3,250,300,35,50,0,0,0,0,0,0,0,0,0,0,0
62,55,妙高,みょうこう,Myoukou,5,29,25,265,44,60,32,49,40,59,24,59,16,64,,10,49,10,2,3,2,2,2,0,0,80,2,2,12,1,2,1,0,2,4,300,450,40,65,0,0,0,0,0,0,0,0,0,0,0
63,56,那智,なち,Nachi,5,29,25,266,44,56,32,49,40,54,24,49,16,54,,10,49,10,2,3,2,2,2,0,0,80,2,2,12,1,2,1,0,2,1,300,450,40,65,0,0,0,0,0,0,0,0,0,0,0
64,57,足柄,あしがら,Ashigara,5,29,25,267,44,56,32,49,40,54,24,49,16,54,,10,49,10,2,3,2,2,2,0,0,80,2,2,12,1,2,1,0,2,2,300,450,40,65,0,0,0,0,0,0,0,0,0,0,0
65,58,羽黒,はぐろ,Haguro,5,29,25,268,44,56,32,49,40,54,24,49,16,54,,10,49,10,2,3,2,2,2,0,0,80,2,2,12,1,2,1,0,2,1,300,450,40,65,0,0,0,0,0,0,0,0,0,0,0
66,59,高雄,たかお,Takao,5,8,25,269,45,60,35,49,40,59,24,59,18,66,,10,49,10,2,3,2,2,2,0,0,85,2,2,12,1,2,1,0,2,4,300,450,40,65,1,0,0,0,0,0,0,0,0,0,0
67,60,愛宕,あたご,Atago,5,8,25,270,45,60,35,49,40,54,24,59,18,56,,10,49,10,2,3,2,2,2,0,0,85,2,2,12,1,2,1,0,2,4,300,450,40,65,1,0,0,0,0,0,0,0,0,0,0
68,61,摩耶,まや,Maya,5,8,18,271,45,57,35,49,40,54,24,49,18,56,,10,49,10,2,3,2,2,2,0,0,85,2,2,12,1,2,1,0,2,1,250,300,40,65,0,0,0,0,0,0,0,0,0,0,0
69,62,鳥海,ちょうかい,Choukai,5,8,25,272,45,57,35,49,40,54,24,49,18,56,,10,49,10,2,3,2,2,2,0,0,85,2,2,12,1,2,1,0,2,1,300,450,40,65,0,0,0,0,0,0,0,0,0,0,0
71,63,利根,とね,Tone,5,31,25,273,44,62,36,59,32,59,24,59,20,67,,10,49,10,2,3,3,3,3,0,0,90,2,2,13,2,2,1,1,2,4,300,450,45,60,0,0,0,0,0,0,0,0,0,0,0
72,64,筑摩,ちくま,Chikuma,5,31,25,274,44,62,36,59,32,59,24,59,20,67,,10,49,10,2,3,3,3,3,0,0,90,2,2,13,2,2,1,1,2,4,300,450,45,60,0,0,0,0,0,0,0,0,0,0,0
75,65,飛鷹,ひよう,Hiyou,7,24,25,283,40,64,21,39,0,19,0,0,21,59,,10,49,5,1,4,12,18,18,10,0,180,6,6,20,6,0,0,3,2,4,500,250,40,40,0,0,0,0,0,0,0,0,0,0,0
92,66,隼鷹,じゅんよう,Junyou,7,24,25,284,40,64,21,39,0,19,0,0,21,59,,20,79,5,1,4,12,18,18,10,0,180,6,6,20,6,0,0,3,2,4,500,250,40,40,0,0,0,0,0,0,0,0,0,0,0
93,67,朧,おぼろ,Oboro,2,1,20,230,15,29,5,19,10,29,27,69,12,39,,10,49,10,1,2,0,0,0,0,0,20,1,1,5,0,0,1,0,0,1,100,100,15,20,0,0,0,0,0,0,0,0,0,0,0
15,68,曙,あけぼの,Akebono,2,1,20,231,15,29,5,19,10,29,27,69,12,39,,10,49,10,1,2,0,0,0,0,0,20,1,1,5,0,0,1,0,0,1,100,100,15,20,0,0,0,0,0,0,0,0,0,0,0
94,69,漣,さざなみ,Sazanami,2,1,20,232,15,29,5,19,10,29,27,69,12,39,20,10,49,10,1,2,0,0,0,0,0,20,1,1,5,0,0,1,0,0,2,100,100,15,20,0,29,41,38,5,14,0,0,0,0,0
16,70,潮,うしお,Ushio,2,1,20,233,15,29,5,19,10,29,27,69,12,39,,20,79,10,1,2,0,0,0,0,0,20,1,1,5,0,0,1,0,0,1,100,100,15,20,0,0,0,0,0,0,0,0,0,0,0
34,71,暁,あかつき,Akatsuki,2,5,20,234,15,30,6,19,10,29,27,79,12,39,,12,49,10,1,2,0,0,0,0,0,20,1,1,5,0,1,1,0,0,3,100,100,15,20,0,0,0,0,0,0,0,0,0,0,0
35,72,響,ひびき,Hibiki,2,5,20,235,15,30,6,19,10,29,27,69,12,39,,10,49,10,1,2,0,0,0,0,0,20,1,1,5,0,0,1,0,0,2,100,100,15,20,0,0,0,0,0,0,0,0,0,0,0
36,73,雷,いかづち,Ikazuchi,2,5,20,236,15,30,6,19,10,29,27,69,12,39,,10,49,10,1,2,0,0,0,0,0,20,1,1,5,0,0,1,0,0,1,100,100,15,20,0,0,0,0,0,0,0,0,0,0,0
37,74,電,いなづま,Inazuma,2,5,20,237,15,30,6,19,10,29,27,69,12,39,20,10,49,10,1,2,0,0,0,0,0,20,1,1,5,0,0,1,0,0,1,100,100,15,20,0,29,42,37,5,14,0,0,0,0,0
38,75,初春,はつはる,Hatsuharu,2,10,20,238,16,31,6,19,10,29,27,79,12,39,,12,49,10,1,2,0,0,0,0,0,20,1,1,5,0,1,1,0,0,3,100,100,15,20,0,0,0,0,0,0,0,0,0,0,0
39,76,子日,ねのひ,Nenohi,2,10,20,239,16,31,6,19,10,29,27,69,9,39,,10,49,10,1,2,0,0,0,0,0,20,1,1,5,0,0,1,0,0,1,100,100,15,20,0,0,0,0,0,0,0,0,0,0,0
40,77,若葉,わかば,Wakaba,2,10,20,240,16,31,6,19,10,29,27,69,9,39,,10,49,10,1,2,0,0,0,0,0,20,1,1,5,0,0,1,0,0,2,100,100,15,20,0,0,0,0,0,0,0,0,0,0,0
41,78,初霜,はつしも,Hatsushimo,2,10,20,241,16,31,6,19,10,29,27,69,9,39,,10,49,10,1,2,0,0,0,0,0,20,1,1,5,0,0,1,0,0,2,100,100,15,20,0,0,0,0,0,0,0,0,0,0,0
42,79,白露,しらつゆ,Shiratsuyu,2,23,20,242,16,32,6,19,10,29,24,79,12,39,,12,49,10,1,2,0,0,0,0,0,22,1,1,5,0,1,1,0,0,3,100,100,15,20,0,0,0,0,0,0,0,0,0,0,0
43,80,時雨,しぐれ,Shigure,2,23,20,243,16,32,6,19,10,29,24,69,9,39,,10,49,10,1,2,0,0,0,0,0,22,1,1,5,0,0,1,0,0,2,100,100,15,20,1,0,0,0,0,0,0,0,0,0,0
44,81,村雨,むらさめ,Murasame,2,23,20,244,16,32,6,19,10,29,24,69,9,39,,10,49,10,1,2,0,0,0,0,0,22,1,1,5,0,0,1,0,0,2,100,100,15,20,0,0,0,0,0,0,0,0,0,0,0
45,82,夕立,ゆうだち,Yuudachi,2,23,20,245,16,32,6,19,10,29,24,69,9,39,,10,49,10,1,2,0,0,0,0,0,22,1,1,5,0,0,1,0,0,2,100,100,15,20,1,0,0,0,0,0,0,0,0,0,0
46,83,五月雨,さみだれ,Samidare,2,23,20,246,16,32,6,19,10,29,24,69,9,39,21,10,49,10,1,2,0,0,0,0,0,22,1,1,5,0,0,1,0,0,2,100,100,15,20,0,28,43,36,5,14,0,0,0,0,0
47,84,涼風,すずかぜ,Suzukaze,2,23,20,247,16,32,6,19,10,29,24,79,9,39,,12,49,10,1,2,0,0,0,0,0,22,1,1,5,0,1,1,0,0,3,100,100,15,20,0,0,0,0,0,0,0,0,0,0,0
95,85,朝潮,あさしお,Asashio,2,18,20,248,16,33,6,19,10,29,24,79,12,39,,12,49,10,1,2,0,0,0,0,0,22,1,1,5,0,1,1,0,0,3,100,100,15,20,0,0,0,0,0,0,0,0,0,0,0
96,86,大潮,おおしお,Ooshio,2,18,20,249,16,33,6,19,10,29,24,69,9,39,,10,49,10,1,2,0,0,0,0,0,22,1,1,5,0,0,1,0,1,1,100,100,15,20,0,0,0,0,0,0,0,0,0,0,0
97,87,満潮,みちしお,Michishio,2,18,20,250,16,33,6,19,10,29,24,69,9,39,,10,49,10,1,2,0,0,0,0,0,22,1,1,5,0,0,1,0,1,1,100,100,15,20,0,0,0,0,0,0,0,0,0,0,0
98,88,荒潮,あらしお,Arashio,2,18,20,251,16,33,6,19,10,29,24,69,9,39,,10,49,10,1,2,0,0,0,0,0,22,1,1,5,0,0,1,0,1,1,100,100,15,20,0,0,0,0,0,0,0,0,0,0,0
48,89,霰,あられ,Arare,2,18,20,252,16,33,6,19,10,29,24,69,9,39,,10,49,10,1,2,0,0,0,0,0,22,1,1,5,0,0,1,0,1,1,100,100,15,20,0,0,0,0,0,0,0,0,0,0,0
49,90,霞,かすみ,Kasumi,2,18,20,253,16,33,6,19,10,29,24,69,9,39,,15,59,10,1,2,0,0,0,0,0,22,1,1,5,0,0,1,0,1,2,100,100,15,20,0,0,0,0,0,0,0,0,0,0,0
17,91,陽炎,かげろう,Kagerou,2,30,20,225,16,34,6,19,10,29,24,79,12,39,,12,49,10,1,2,0,0,0,0,0,24,1,1,6,0,1,1,0,1,3,100,100,15,20,0,0,0,0,0,0,0,0,0,0,0
18,92,不知火,しらぬい,Shiranui,2,30,20,226,16,34,6,19,10,29,24,69,9,39,,10,49,10,1,2,0,0,0,0,0,24,1,1,6,0,0,1,0,1,2,100,100,15,20,0,0,0,0,0,0,0,0,0,0,0
19,93,黒潮,くろしお,Kuroshio,2,30,20,227,16,34,6,19,10,29,24,69,9,39,,10,49,10,1,2,0,0,0,0,0,24,1,1,6,0,0,1,0,1,1,100,100,15,20,0,0,0,0,0,0,0,0,0,0,0
74,94,祥鳳,しょうほう,Shouhou,7,11,25,282,32,55,19,39,0,19,0,0,14,29,,10,49,10,1,3,18,9,3,0,0,160,2,2,13,4,0,0,2,2,4,380,210,35,35,0,0,0,0,0,0,0,0,0,0,0
104,95,千歳改,ちとせ,Chitose Kai,16,15,12,106,41,59,20,39,9,29,0,29,15,29,,10,49,10,1,3,12,6,6,0,0,150,3,1,14,4,0,0,2,2,3,70,80,35,40,1,0,0,0,0,0,0,0,0,0,0
105,96,千代田改,ちよだ,Chiyoda Kai,16,15,12,107,41,59,20,39,9,29,0,29,15,29,,10,49,10,1,3,12,6,6,0,0,150,3,1,14,4,0,0,2,2,3,70,80,35,40,1,0,0,0,0,0,0,0,0,0,0
57,97,大井改,おおい,Ooi Kai,4,4,50,118,32,49,12,39,8,39,80,99,13,39,,10,49,10,2,2,0,0,0,0,0,75,2,6,9,0,0,4,0,1,6,400,770,25,50,3,0,0,0,0,0,0,0,0,0,0
58,98,北上改,きたかみ,Kitakami Kai,4,4,50,119,32,49,12,39,8,39,80,99,13,39,,15,69,10,2,2,0,0,0,0,0,75,2,6,9,0,0,4,0,1,6,400,770,25,50,3,0,0,0,0,0,0,0,0,0,0
106,99,千歳甲,ちとせ,Chitose A,16,15,15,108,42,59,21,39,9,29,15,72,17,39,,10,59,10,1,3,12,6,6,0,0,160,3,3,15,3,0,2,1,2,3,100,60,35,45,3,0,0,0,0,0,0,0,0,0,0
107,100,千代田甲,ちよだ,Chiyoda A,16,15,15,109,42,59,21,39,9,29,15,72,17,39,,10,59,10,1,3,12,6,6,0,0,160,3,3,15,3,0,2,1,2,3,100,60,35,45,3,0,0,0,0,0,0,0,0,0,0
73,101,最上改,もがみ,Mogami Kai,6,9,0,0,50,67,37,71,24,75,18,69,20,64,,10,69,10,2,4,5,6,5,11,0,100,2,2,13,4,2,1,3,2,6,0,0,50,55,3,0,0,0,0,0,0,0,0,0,0
82,102,伊勢改,いせ,Ise Kai,10,2,0,0,77,89,74,92,63,83,0,0,45,92,,30,79,5,3,4,11,11,11,14,0,270,10,15,36,3,4,0,3,4,6,0,0,95,105,0,0,0,0,0,0,0,0,0,0,0
88,103,日向改,ひゅうが,Hyuuga Kai,10,2,0,0,77,89,74,92,63,83,0,0,45,92,,30,79,5,3,4,11,11,11,14,0,270,10,15,36,3,4,0,3,4,6,0,0,95,105,0,0,0,0,0,0,0,0,0,0,0
108,104,千歳航,ちとせ,Chitose-Kou,7,15,35,291,47,59,25,39,0,19,0,0,20,49,,10,59,10,1,3,21,9,6,0,0,190,5,5,17,4,0,0,3,2,4,550,250,40,40,3,0,0,0,0,0,0,0,0,0,0
109,105,千代田航,ちよだ,Chiyoda-Kou,7,15,35,292,47,59,25,39,0,19,0,0,20,49,,10,59,10,1,3,21,9,6,0,0,190,5,5,17,4,0,0,3,2,4,550,250,40,40,3,0,0,0,0,0,0,0,0,0,0
110,106,翔鶴,しょうかく,Shoukaku,11,33,30,288,62,79,33,49,0,39,0,0,29,69,,10,49,10,1,4,21,21,21,12,0,360,7,10,30,10,0,0,4,3,5,750,350,55,55,3,0,0,0,0,0,0,0,0,0,0
111,107,瑞鶴,ずいかく,Zuikaku,11,33,25,112,62,79,33,49,0,39,0,0,29,69,,40,89,10,1,4,21,21,21,12,0,360,7,10,30,10,0,0,4,3,6,750,350,55,55,3,0,0,0,0,0,0,0,0,0,0
112,108,瑞鶴改,ずいかく,Zuikaku Kai,11,33,77,462,75,90,42,72,0,39,0,0,40,79,,42,89,10,1,4,24,24,24,12,0,360,7,10,30,10,0,0,4,3,7,3700,1200,65,70,3,0,0,0,0,0,0,0,0,0,0
113,109,鬼怒,きぬ,Kinu,3,20,17,289,26,39,10,29,14,39,24,79,13,49,,12,49,10,2,2,1,1,0,0,0,75,2,2,10,0,0,1,0,1,4,200,200,25,25,3,0,0,0,0,0,0,0,0,0,0
114,110,阿武隈,あぶくま,Abukuma,3,20,17,290,27,39,10,29,14,39,24,79,13,49,,12,49,10,2,2,1,1,0,0,0,75,2,2,10,0,0,1,0,1,5,200,200,25,25,3,0,0,0,0,0,0,0,0,0,0
115,111,夕張,ゆうばり,Yuubari,3,34,25,293,19,33,10,29,17,42,20,69,10,42,,12,49,10,2,3,0,0,0,0,0,82,2,2,7,0,1,1,1,1,5,280,240,20,30,3,0,0,0,0,0,0,0,0,0,0
116,112,瑞鳳,ずいほう,Zuihou,7,11,25,117,32,55,19,39,0,19,0,0,14,29,,30,79,10,1,3,18,9,3,0,0,160,2,2,13,4,0,0,2,2,5,380,210,35,35,3,0,0,0,0,0,0,0,0,0,0
117,113,瑞鳳改,ずいほう,Zuihou Kai,7,11,0,0,45,69,25,59,0,29,0,0,18,39,,40,89,10,1,4,18,12,12,6,0,160,4,6,20,6,0,0,3,2,6,0,0,40,40,3,0,0,0,0,0,0,0,0,0,0
118,114,大井改二,おおい,Ooi Kai 2,4,4,0,0,43,59,23,63,17,63,90,139,15,49,,13,49,10,2,3,0,0,0,0,0,75,2,9,9,0,1,5,0,1,7,0,0,25,75,3,0,0,0,0,0,0,0,0,0,0
119,115,北上改二,きたかみ,Kitakami Kai 2,4,4,0,0,43,59,23,63,17,63,90,139,15,49,,30,79,10,2,3,0,0,0,0,0,75,2,6,9,0,1,5,0,1,7,0,0,25,75,3,0,0,0,0,0,0,0,0,0,0
120,116,三隈,みくま,Mikuma,5,9,30,121,40,59,30,59,40,59,18,69,18,59,,5,49,10,2,3,2,2,2,0,0,90,2,3,12,1,2,1,0,2,5,270,110,40,65,3,0,0,0,0,0,0,0,0,0,0
121,117,三隈改,みくま,Mikuma Kai,6,9,0,0,50,67,37,71,24,76,18,69,20,59,,10,69,10,2,4,5,6,5,8,0,100,2,2,13,4,2,1,3,2,6,0,0,50,55,3,0,0,0,0,0,0,0,0,0,0
190,118,初風,はつかぜ,Hatsukaze,2,30,20,300,16,34,6,19,10,29,24,69,9,39,,10,49,10,1,2,0,0,0,0,0,24,1,1,6,0,0,1,0,1,4,100,100,15,20,3,0,0,0,0,0,0,0,0,0,0
122,119,舞風,まいかぜ,Maikaze,2,30,20,294,16,34,6,19,10,29,24,69,9,39,,10,49,10,1,2,0,0,0,0,0,24,1,1,6,0,0,1,0,1,4,100,100,15,20,3,0,0,0,0,0,0,0,0,0,0
123,120,衣笠,きぬがさ,Kinugasa,5,13,25,295,37,49,26,37,30,54,12,59,16,59,,20,69,10,2,3,2,2,2,0,0,60,2,2,10,1,2,1,0,2,4,250,300,35,50,3,0,0,0,0,0,0,0,0,0,0
296,121,千歳航改二,ちとせ,Chitose-Kou Kai 2,7,15,0,0,58,79,32,65,0,34,0,0,30,72,,13,59,10,1,4,24,16,11,8,0,190,5,10,24,7,0,0,3,3,6,0,0,45,40,3,0,0,0,0,0,0,0,0,0,0
297,122,千代田航改二,ちよだ,Chiyoda-Kou Kai 2,7,15,0,0,58,79,32,65,0,34,0,0,30,72,,13,59,10,1,4,24,16,11,8,0,190,5,10,24,7,0,0,3,3,6,0,0,45,40,3,0,0,0,0,0,0,0,0,0,0
191,123,伊19,い19,I-19,13,39,50,401,14,19,4,18,2,9,36,79,0,0,,12,49,5,1,1,0,0,0,0,0,22,1,2,2,1,0,2,0,0,4,140,200,10,20,3,0,0,0,0,0,0,0,0,0,0
124,124,鈴谷,すずや,Suzuya,5,9,35,129,40,59,30,59,40,59,18,69,18,59,,5,49,10,2,3,2,2,2,0,0,90,2,3,12,1,2,1,0,2,4,270,110,40,65,3,0,0,0,0,0,0,0,0,0,0
125,125,熊野,くまの,Kumano,5,9,35,130,40,59,30,59,40,59,18,69,18,59,,5,49,10,2,3,2,2,2,0,0,90,2,3,12,1,2,1,0,2,4,270,110,40,65,3,0,0,0,0,0,0,0,0,0,0
126,126,伊168,い168,I-168,13,35,50,398,10,17,3,17,2,7,24,59,0,0,,10,49,5,1,1,0,0,0,0,0,22,1,2,2,1,0,2,0,0,3,130,200,10,20,3,0,0,0,0,0,0,0,0,0,0
127,127,伊58,い58,I-58,13,36,50,399,14,19,4,19,2,9,30,69,0,0,,40,79,5,1,1,0,0,0,0,0,22,1,2,2,1,0,2,0,0,4,140,200,10,20,3,0,0,0,0,0,0,0,0,0,0
128,128,伊8,い8,I-8,13,40,50,400,15,19,4,19,2,9,30,69,0,0,,20,59,5,1,1,0,0,0,0,0,22,1,2,2,1,0,2,0,0,5,150,200,10,20,3,0,0,0,0,0,0,0,0,0,0
129,129,鈴谷改,すずや,Suzuya Kai,6,9,84,503,50,67,37,72,24,75,18,69,20,59,,10,69,10,2,4,5,6,5,6,0,100,2,2,13,4,2,1,3,2,5,2000,1200,50,55,3,0,0,0,0,0,0,0,0,0,0
130,130,熊野改,くまの,Kumano Kai,6,9,84,504,50,67,37,72,24,75,18,69,20,59,,10,69,10,2,4,5,6,5,6,0,100,2,2,13,4,2,1,3,2,5,2000,1200,50,55,3,0,0,0,0,0,0,0,0,0,0
131,131,大和,やまと,Yamato,9,37,60,136,93,98,88,108,96,129,0,0,50,94,,12,79,5,4,4,7,7,7,7,0,480,35,50,100,10,7,0,2,5,8,3000,2500,250,300,3,0,0,0,0,0,0,0,0,0,0
132,132,秋雲,あきぐも,Akigumo,2,30,30,301,16,34,6,19,10,29,24,69,9,39,,14,49,10,1,2,0,0,0,0,0,24,1,1,6,0,0,1,0,1,4,110,120,15,20,3,0,0,0,0,0,0,0,0,0,0
133,133,夕雲,ゆうぐも,Yuugumo,2,38,30,302,16,34,6,19,10,30,24,69,9,39,,12,49,10,1,2,0,0,0,0,0,24,1,1,6,0,0,1,0,1,4,110,130,15,20,3,0,0,0,0,0,0,0,0,0,0
134,134,巻雲,まきぐも,Makigumo,2,38,30,303,16,34,6,19,10,30,24,69,9,39,,11,49,10,1,2,0,0,0,0,0,24,1,1,6,0,0,1,0,1,4,110,120,15,20,3,0,0,0,0,0,0,0,0,0,0
135,135,長波,ながなみ,Naganami,2,38,30,304,16,34,6,19,10,30,24,69,9,39,,13,49,10,1,2,0,0,0,0,0,24,1,1,6,0,0,1,0,1,4,110,130,15,20,3,0,0,0,0,0,0,0,0,0,0
136,136,大和改,やまと,Yamato Kai,9,37,0,0,96,108,92,118,92,139,0,0,68,104,,13,79,5,4,4,7,7,7,7,0,480,35,50,110,20,6,0,3,6,8,0,0,250,325,3,0,0,0,0,0,0,0,0,0,0
137,137,阿賀野,あがの,Agano,3,41,35,305,30,45,17,32,20,42,24,72,17,60,,10,49,10,2,3,2,2,2,0,0,60,3,4,13,1,1,1,1,2,5,300,220,30,35,3,0,0,0,0,0,0,0,0,0,0
138,138,能代,のしろ,Noshiro,3,41,35,306,30,45,17,32,20,42,24,72,17,60,,10,49,10,2,3,2,2,2,0,0,60,3,4,13,1,1,1,1,2,5,300,220,30,35,3,0,0,0,0,0,0,0,0,0,0
139,139,矢矧,やはぎ,Yahagi,3,41,35,307,31,45,17,33,20,42,24,72,17,63,,13,59,10,2,3,2,2,2,0,0,60,3,4,13,1,1,1,1,2,6,300,220,30,35,3,0,0,0,0,0,0,0,0,0,0
140,140,酒匂,さかわ,Sakawa,3,41,35,314,31,45,17,32,19,41,23,71,17,62,,20,49,10,2,3,2,2,2,0,0,60,3,4,13,1,1,1,1,2,5,300,220,30,35,3,0,0,0,0,0,0,0,0,0,0
141,141,五十鈴改二,いすず,Isuzu Kai 2,3,20,0,0,44,59,30,69,18,59,24,79,45,84,,13,67,10,1,3,0,0,0,0,0,60,2,2,10,0,1,2,4,2,5,0,0,25,30,1,0,0,0,0,0,0,0,0,0,0
142,142,衣笠改二,きぬがさ,Kinugasa Kai 2,5,13,0,0,53,65,35,73,38,78,24,74,22,66,,13,65,10,2,4,2,2,2,2,0,60,3,7,16,1,2,1,1,2,6,0,0,35,65,3,0,0,0,0,0,0,0,0,0,0
143,143,武蔵,むさし,Musashi,9,37,40,148,94,98,88,108,96,129,0,0,50,94,,10,79,5,4,4,7,7,7,7,0,480,35,50,100,10,7,0,2,5,7,3000,2500,250,300,3,0,0,0,0,0,0,0,0,0,0
144,144,夕立改二,ゆうだち,Yuudachi Kai 2,2,23,0,0,31,58,14,52,17,73,37,93,16,59,,20,59,10,1,3,0,0,0,0,0,22,1,2,10,0,2,2,1,1,6,0,0,15,20,1,0,0,0,0,0,0,0,0,0,0
145,145,時雨改二,しぐれ,Shigure Kai 2,2,23,0,0,31,49,14,52,13,59,28,84,24,72,,50,88,10,1,3,0,0,0,0,0,22,1,2,10,0,2,2,1,1,6,0,0,15,20,3,0,0,0,0,0,0,0,0,0,0
146,146,木曾改二,きそ,Kiso Kai 2,4,4,0,0,44,59,24,65,18,64,80,110,24,72,,13,69,10,2,3,0,0,0,0,0,75,2,6,9,0,1,5,0,1,6,0,0,25,50,1,0,0,0,0,0,0,0,0,0,0
147,147,Верный,ひびき,Верный,2,5,0,0,37,49,15,57,13,54,30,89,18,59,,20,77,10,1,3,0,0,0,0,0,20,1,3,11,0,1,2,1,1,6,0,0,15,25,3,0,0,0,0,0,0,0,0,0,0
148,148,武蔵改,むさし,Musashi Kai,9,37,0,0,97,108,92,119,92,139,0,0,60,99,,9,79,5,4,4,7,7,7,7,0,480,35,50,110,20,6,0,3,6,7,0,0,250,325,7,0,0,0,0,0,0,0,0,0,0
149,149,金剛改二,こんごう,Kongou Kai 2,8,6,0,0,82,99,70,94,76,98,0,0,30,84,,15,79,10,3,4,3,3,3,3,0,240,10,14,33,3,4,0,2,4,7,0,0,100,125,3,0,0,0,0,0,0,0,0,0,0
150,150,比叡改二,ひえい,Hiei Kai 2,8,6,0,0,83,99,72,95,76,98,0,0,30,82,,13,79,10,3,4,3,3,3,3,0,240,10,14,33,3,4,0,2,4,7,0,0,100,125,3,0,0,0,0,0,0,0,0,0,0
151,151,榛名改二,はるな,Haruna Kai 2,8,6,0,0,81,99,70,93,75,96,0,0,41,92,,41,89,10,3,4,3,3,3,3,0,240,10,14,33,3,4,0,2,4,7,0,0,100,125,3,0,0,0,0,0,0,0,0,0,0
152,152,霧島改二,きりしま,Kirishima Kai 2,8,6,0,0,82,99,70,92,78,104,0,0,30,82,,14,79,10,3,4,3,3,3,3,0,240,10,14,33,3,4,0,2,4,7,0,0,100,125,3,0,0,0,0,0,0,0,0,0,0
153,153,大鳳,たいほう,Taihou,18,43,40,156,67,87,40,79,0,49,0,0,42,79,,2,19,10,1,4,18,18,18,7,0,400,8,15,36,12,0,0,5,5,7,900,450,70,65,3,0,0,0,0,0,0,0,0,0,0
154,154,香取,かとり,Katori,21,56,35,343,36,48,9,27,14,28,12,28,14,42,,10,49,5,2,3,1,1,1,0,0,70,3,1,10,0,0,1,0,1,4,400,120,30,15,1,0,0,0,0,0,0,0,0,0,0
155,155,伊401,い401,I-401,14,44,35,403,20,24,5,24,2,9,36,72,0,0,,20,59,5,1,1,3,0,0,0,0,200,1,2,3,2,0,1,1,1,6,300,100,20,15,3,0,0,0,0,0,0,0,0,0,0
156,156,大鳳改,たいほう,Taihou Kai,18,43,0,0,70,90,44,84,0,59,0,0,45,86,,4,39,10,1,4,30,24,24,8,0,400,9,16,36,14,0,0,5,5,7,0,0,90,75,3,0,0,0,0,0,0,0,0,0,0
157,157,龍驤改二,りゅうじょう,Ryuujou Kai 2,7,32,0,0,50,72,28,62,0,40,0,0,24,48,,15,59,10,1,4,18,28,6,3,0,170,4,12,22,6,0,0,3,3,6,0,0,40,45,1,0,0,0,0,0,0,0,0,0,0
158,158,川内改二,せんだい,Sendai Kai 2,3,16,0,0,48,64,29,69,24,67,26,89,20,70,,14,80,10,2,3,1,1,1,0,0,60,2,2,10,0,1,1,1,2,6,0,0,25,35,1,0,0,0,0,0,0,0,0,0,0
159,159,神通改二,じんつう,Jintsuu Kai 2,3,16,0,0,50,63,29,69,27,71,38,98,18,68,,13,79,10,2,3,1,1,1,0,0,60,2,2,10,0,1,1,1,2,6,0,0,25,35,1,0,0,0,0,0,0,0,0,0,0
160,160,那珂改二,なか,Naka Kai 2,3,16,0,0,48,62,29,68,22,68,28,84,24,73,,13,84,10,2,3,1,1,1,0,0,60,2,2,10,0,1,1,1,2,6,0,0,25,35,1,0,0,0,0,0,0,0,0,0,0
161,161,あきつ丸,あきつまる,Akitsumaru,17,45,25,166,38,49,13,33,6,19,0,0,13,29,,10,39,5,1,2,0,0,0,0,0,150,2,2,12,2,0,0,1,1,5,200,80,40,10,3,0,0,0,0,0,0,0,0,0,0
162,162,神威,かもい,Kamoi,22,72,35,499,36,48,6,18,3,18,0,0,8,24,,17,67,5,2,3,0,0,0,0,0,140,3,0,10,1,0,0,0,1,4,230,30,30,10,1,0,0,0,0,0,0,0,0,0,0
163,163,まるゆ,まるゆ,Maruyu,13,46,20,402,6,9,2,9,1,3,0,9,0,0,,7,77,5,1,0,0,0,0,0,0,17,1,0,1,0,0,0,0,1,5,50,20,10,5,3,0,0,0,0,0,0,0,0,0,0
164,164,弥生,やよい,Yayoi,2,28,20,308,13,24,5,18,6,29,18,49,7,29,,10,49,10,1,2,0,0,0,0,0,18,1,1,4,0,1,1,0,0,4,100,100,15,15,1,0,0,0,0,0,0,0,0,0,0
165,165,卯月,うづき,Uzuki,2,28,25,309,13,24,5,18,6,29,18,49,7,29,,10,49,10,1,2,0,0,0,0,0,18,1,1,4,0,0,1,0,0,4,100,100,15,15,1,0,0,0,0,0,0,0,0,0,0
166,166,あきつ丸改,あきつまる,Akitsumaru Kai,17,45,0,0,40,59,15,43,8,33,0,0,15,37,,13,49,5,1,3,8,8,8,0,0,150,2,2,13,5,1,0,1,1,6,0,0,45,25,3,0,0,0,0,0,0,0,0,0,0
167,167,磯風,いそかぜ,Isokaze,2,30,45,320,16,34,6,19,10,29,24,69,14,44,,16,54,10,1,2,0,0,0,0,0,24,1,1,6,0,0,1,0,1,5,140,160,15,20,1,0,0,0,0,0,0,0,0,0,0
168,168,浦風,うらかぜ,Urakaze,2,30,35,317,16,34,6,19,10,29,24,69,10,40,,13,49,10,1,2,0,0,0,0,0,24,1,1,6,0,0,1,0,1,4,110,140,15,20,0,0,0,0,0,0,0,0,0,0,0
169,169,谷風,たにかぜ,Tanikaze,2,30,30,313,16,34,6,19,10,29,24,69,10,40,,14,49,10,1,2,0,0,0,0,0,24,1,1,6,0,0,1,0,1,4,100,100,15,20,0,0,0,0,0,0,0,0,0,0,0
170,170,浜風,はまかぜ,Hamakaze,2,30,30,312,16,34,6,19,10,29,24,69,13,42,,15,49,10,1,2,0,0,0,0,0,24,1,1,6,0,0,1,0,1,4,100,100,15,20,0,0,0,0,0,0,0,0,0,0,0
171,171,Bismarck,ビスマルク,Bismarck,8,47,30,172,90,96,67,83,64,88,0,0,18,48,,8,69,10,3,4,4,4,4,4,0,300,10,16,38,4,3,0,1,3,7,600,800,90,110,1,0,0,0,0,0,0,0,0,0,0
172,172,Bismarck改,ビスマルク,Bismarck Kai,8,47,50,173,94,99,77,93,70,93,0,0,24,58,,10,79,10,3,4,4,4,4,4,0,300,12,18,40,4,4,0,1,4,7,1200,1600,95,115,3,0,0,0,0,0,0,0,0,0,0
173,173,Bismarck zwei,ビスマルク,Bismarck zwei,8,47,75,178,96,99,80,94,70,97,0,0,25,62,,20,82,10,3,4,4,4,4,4,0,300,12,18,40,4,4,0,2,4,7,1800,2400,105,135,3,0,0,0,0,0,0,0,0,0,0
174,174,Z1,レーベレヒト・マース,Z1,2,48,30,310,18,29,8,22,8,26,24,60,12,42,,6,39,10,1,3,0,0,0,0,0,24,1,1,6,0,1,1,0,0,5,170,150,20,20,1,0,0,0,0,0,0,0,0,0,0
175,175,Z3,マックス・シュルツ,Z3,2,48,30,311,18,29,8,22,8,26,24,60,12,42,,6,39,10,1,3,0,0,0,0,0,24,1,1,6,0,1,1,0,0,5,170,150,20,20,1,0,0,0,0,0,0,0,0,0,0
176,176,Prinz Eugen,プリンツ・オイゲン,Prinz Eugen,5,55,45,177,50,72,38,64,38,56,32,64,16,44,,30,79,10,2,3,3,3,3,0,0,200,2,3,15,2,2,1,0,2,6,700,600,50,70,1,0,0,0,0,0,0,0,0,0,0
177,177,Prinz Eugen改,プリンツ・オイゲン,Prinz Eugen Kai,5,55,0,0,63,79,48,82,48,75,40,84,18,60,,40,89,10,2,4,3,3,3,3,0,200,4,8,22,3,3,2,1,3,7,0,0,55,75,3,0,0,0,0,0,0,0,0,0,0
178,178,Bismarck drei,ビスマルク,Bismarck drei,8,47,0,0,96,99,82,95,74,99,16,36,35,70,,22,84,10,3,4,4,4,4,4,0,300,12,20,42,4,4,1,2,4,7,0,0,110,155,3,0,0,0,0,0,0,0,0,0,0
179,179,Z1 zwei,レーベレヒト・マース,Z1 zwei,2,48,0,0,35,59,18,53,12,49,27,71,20,64,,15,49,10,1,3,0,0,0,0,0,24,1,1,6,0,1,1,0,0,7,0,0,20,25,3,0,0,0,0,0,0,0,0,0,0
180,180,Z3 zwei,マックス・シュルツ,Z3 zwei,2,48,0,0,35,59,18,53,10,47,27,71,24,68,,15,49,10,1,3,0,0,0,0,0,24,1,1,6,0,1,1,0,0,7,0,0,20,25,3,0,0,0,0,0,0,0,0,0,0
181,181,天津風,あまつかぜ,Amatsukaze,2,30,20,316,18,37,7,25,10,29,28,79,22,53,,18,59,10,1,3,0,0,0,0,0,30,1,1,6,0,1,1,1,1,6,120,100,20,20,1,0,0,0,0,0,0,0,0,0,0
182,182,明石,あかし,Akashi,19,49,35,187,39,48,7,19,4,14,0,0,10,24,,10,39,5,1,3,0,0,0,0,0,220,3,1,15,3,0,0,1,1,6,1500,200,50,10,1,0,0,0,0,0,0,0,0,0,0
183,183,大淀,おおよど,Ooyodo,3,52,35,321,34,47,19,34,24,48,0,39,18,62,,24,69,10,2,3,0,6,6,0,0,80,4,2,14,2,1,0,2,2,6,400,320,35,30,1,0,0,0,0,0,0,0,0,0,0
184,184,大鯨,たいげい・りゅうほう,Taigei,20,50,25,185,39,55,15,37,5,15,0,0,16,36,,20,59,5,1,3,2,3,3,0,0,150,2,2,12,2,0,0,1,2,4,700,450,35,10,1,0,0,0,0,0,0,0,0,0,0
185,185,龍鳳,たいげい・りゅうほう,Ryuuhou,7,51,50,318,39,57,18,38,0,20,0,0,24,48,,20,69,5,1,3,18,7,6,0,0,160,2,3,13,4,0,0,2,2,5,450,550,35,35,3,0,0,0,0,0,0,0,0,0,0
186,186,時津風,ときつかぜ,Tokitsukaze,2,30,30,322,16,34,6,19,10,29,24,69,10,40,,13,49,10,1,2,0,0,0,0,0,24,1,1,6,0,0,1,0,1,5,120,110,15,20,1,0,0,0,0,0,0,0,0,0,0
187,187,明石改,あかし,Akashi Kai,19,49,0,0,45,58,9,27,6,24,0,0,16,36,,12,49,5,1,4,0,0,0,0,0,150,3,2,16,3,0,0,1,1,7,0,0,55,15,3,0,0,0,0,0,0,0,0,0,0
188,188,利根改二,とね,Tone Kai 2,6,31,0,0,59,72,48,79,46,77,32,82,32,82,,15,69,10,2,4,2,2,9,5,0,90,5,8,18,5,3,1,3,2,7,0,0,50,65,1,0,0,0,0,0,0,0,0,0,0
189,189,筑摩改二,ちくま,Chikuma Kai 2,6,31,0,0,58,72,48,79,46,77,33,83,33,83,,14,67,10,2,4,2,2,9,5,0,90,5,8,18,5,3,1,3,2,7,0,0,50,65,1,0,0,0,0,0,0,0,0,0,0
318,190,龍鳳改,たいげい・りゅうほう,Ryuuhou Kai,7,51,0,0,48,70,24,57,0,32,0,0,28,62,,24,79,5,1,4,21,9,9,6,0,160,4,8,24,5,0,0,2,2,6,0,0,35,40,3,0,0,0,0,0,0,0,0,0,0
319,191,妙高改二,みょうこう,Myoukou Kai 2,5,29,0,0,56,71,47,78,50,80,36,88,28,80,,32,79,10,2,4,2,2,4,4,0,80,4,7,20,2,3,1,2,2,6,0,0,45,75,3,0,0,0,0,0,0,0,0,0,0
192,192,那智改二,なち,Nachi Kai 2,5,29,0,0,56,71,48,78,50,80,34,84,33,83,,18,70,10,2,4,2,2,4,4,0,80,4,7,20,2,3,1,2,2,6,0,0,45,75,1,0,0,0,0,0,0,0,0,0,0
193,193,足柄改二,あしがら,Ashigara Kai 2,5,29,0,0,56,71,47,79,53,82,34,84,26,74,,20,72,10,2,4,2,2,4,4,0,80,4,7,20,2,3,1,2,2,6,0,0,45,75,3,0,0,0,0,0,0,0,0,0,0
194,194,羽黒改二,はぐろ,Haguro Kai 2,5,29,0,0,57,71,47,77,52,84,34,84,24,72,,19,70,10,2,4,2,2,4,4,0,80,4,7,20,2,3,1,2,2,5,0,0,45,75,1,0,0,0,0,0,0,0,0,0,0
195,195,綾波改二,あやなみ,Ayanami Kai 2,2,1,0,0,32,54,15,54,17,72,30,88,16,52,,40,84,10,1,3,0,0,0,0,0,20,1,2,10,0,2,2,1,1,6,0,0,15,20,3,0,0,0,0,0,0,0,0,0,0
196,196,飛龍改二,ひりゅう,Hiryuu Kai 2,11,25,0,0,67,89,37,76,0,64,0,0,33,82,,50,92,10,1,4,18,36,22,3,0,250,10,14,32,11,0,0,4,5,8,0,0,70,75,3,0,0,0,0,0,0,0,0,0,0
197,197,蒼龍改二,そうりゅう,Souryuu Kai 2,11,17,0,0,67,89,36,75,0,57,0,0,34,84,,15,59,10,1,4,18,35,20,6,0,250,10,14,32,11,0,0,4,5,8,0,0,70,75,3,0,0,0,0,0,0,0,0,0,0
199,199,大潮改二,おおしお,Ooshio Kai 2,2,18,0,0,31,53,14,51,17,67,33,90,20,62,,17,69,10,1,3,0,0,0,0,0,22,1,2,10,0,2,2,1,1,6,0,0,15,20,1,0,0,0,0,0,0,0,0,0,0
200,200,阿武隈改二,あぶくま,Abukuma Kai 2,3,20,0,0,45,61,29,68,16,56,34,94,35,78,,20,74,10,1,3,1,1,1,0,0,75,2,2,10,0,1,2,2,2,7,0,0,25,35,3,0,0,0,0,0,0,0,0,0,0
404,201,雲龍,うんりゅう,Unryuu,11,53,50,406,48,79,26,52,0,27,0,0,28,72,,10,49,10,1,4,18,24,3,6,0,210,7,9,26,5,0,0,3,3,6,750,1000,50,45,1,0,0,0,0,0,0,0,0,0,0
331,202,天城,あまぎ,Amagi,11,53,50,429,48,79,26,51,0,25,0,0,27,72,,13,59,10,1,4,18,24,3,6,0,210,7,9,26,5,0,0,3,3,6,750,1000,50,45,1,0,0,0,0,0,0,0,0,0,0
332,203,葛城,かつらぎ,Katsuragi,11,53,50,430,48,79,27,52,0,25,0,0,27,72,,20,69,10,1,4,18,24,3,6,0,210,7,9,26,5,0,0,3,3,6,750,1000,50,45,1,0,0,0,0,0,0,0,0,0,0
326,204,初春改二,はつはる,Hatsuharu Kai 2,2,10,0,0,31,52,14,51,13,54,32,90,23,73,,16,59,10,1,3,0,0,0,0,0,20,1,2,10,0,1,2,1,1,6,0,0,15,20,1,0,0,0,0,0,0,0,0,0,0
405,205,春雨,はるさめ,Harusame,2,23,30,323,16,32,6,19,10,29,24,69,9,39,,10,49,10,1,2,0,0,0,0,0,22,1,1,5,0,1,1,0,0,4,110,120,15,20,1,0,0,0,0,0,0,0,0,0,0
406,206,雲龍改,うんりゅう,Unryuu Kai,11,53,0,0,60,84,35,77,0,48,0,0,32,78,,12,59,10,1,4,18,21,27,3,0,210,7,13,30,10,0,0,4,3,7,0,0,50,55,3,0,0,0,0,0,0,0,0,0,0
407,207,潮改二,うしお,Ushio Kai 2,2,1,0,0,33,53,15,56,10,53,25,80,24,76,,32,83,10,1,3,0,0,0,0,0,20,1,2,10,0,1,2,2,1,6,0,0,15,20,1,0,0,0,0,0,0,0,0,0,0
408,208,隼鷹改二,じゅんよう,Junyou Kai 2,7,24,0,0,55,82,31,62,0,40,0,0,36,74,,41,84,5,1,4,24,18,20,4,0,180,6,14,26,10,0,0,4,3,6,0,0,45,50,1,0,0,0,0,0,0,0,0,0,0
409,209,早霜,はやしも,Hayashimo,2,38,30,324,16,34,6,19,10,30,24,69,9,39,,11,49,10,1,2,0,0,0,0,0,24,1,1,6,0,0,1,0,1,4,110,140,15,20,1,0,0,0,0,0,0,0,0,0,0
410,210,清霜,きよしも,Kiyoshimo,2,38,30,325,16,34,6,19,10,30,24,69,9,39,27,12,49,10,1,2,0,0,0,0,0,24,1,1,6,0,0,1,0,1,4,110,140,15,20,1,25,47,33,6,13,0,0,0,0,0
411,211,扶桑改二,ふそう,Fusou Kai 2,10,26,0,0,77,94,72,90,80,99,0,0,44,88,,13,69,5,3,4,4,4,9,23,0,260,12,15,38,5,5,0,3,4,6,0,0,105,140,1,0,0,0,0,0,0,0,0,0,0
412,212,山城改二,やましろ,Yamashiro Kai 2,10,26,0,0,77,94,73,91,80,98,0,0,43,87,,14,70,5,3,4,4,4,9,23,0,260,12,15,38,5,5,0,3,4,6,0,0,105,140,1,0,0,0,0,0,0,0,0,0,0
413,213,朝雲,あさぐも,Asagumo,2,18,35,327,16,33,6,19,10,29,24,69,9,39,,8,49,10,1,2,0,0,0,0,0,22,1,1,5,0,0,1,0,1,4,110,140,15,20,1,0,0,0,0,0,0,0,0,0,0
414,214,山雲,やまぐも,Yamagumo,2,18,35,328,16,33,6,19,10,29,24,69,9,39,,7,49,10,1,2,0,0,0,0,0,22,1,1,5,0,0,1,0,1,4,110,140,15,20,1,0,0,0,0,0,0,0,0,0,0
415,215,野分,のわき,Nowaki,2,30,35,329,16,34,6,19,10,29,24,69,12,44,,14,49,10,1,2,0,0,0,0,0,24,1,1,6,0,0,1,0,1,5,110,140,15,20,1,0,0,0,0,0,0,0,0,0,0
416,216,古鷹改二,ふるたか,Furutaka Kai 2,5,7,0,0,53,65,34,72,39,77,24,75,22,64,,14,64,10,2,4,2,2,2,2,0,60,3,7,16,1,2,1,1,2,6,0,0,35,65,1,0,0,0,0,0,0,0,0,0,0
417,217,加古改二,かこ,Kako Kai 2,5,7,0,0,52,64,33,72,40,78,25,77,24,65,,12,62,10,2,4,2,2,2,2,0,60,3,7,16,1,2,1,1,2,6,0,0,35,65,1,0,0,0,0,0,0,0,0,0,0
418,218,皐月改二,さつき,Satsuki Kai 2,2,28,0,0,28,44,12,45,8,42,27,78,40,82,,20,79,10,1,3,0,0,0,0,0,18,1,2,7,0,1,2,2,0,6,0,0,15,15,1,0,0,0,0,0,0,0,0,0,0
419,219,初霜改二,はつしも,Hatsushimo Kai 2,2,10,0,0,32,53,14,51,12,55,28,84,35,81,,53,100,10,1,3,0,0,0,0,0,22,1,2,10,0,2,2,1,1,6,0,0,15,20,1,0,0,0,0,0,0,0,0,0,0
420,220,叢雲改二,むらくも,Murakumo Kai 2,2,12,0,0,31,49,14,50,14,57,32,89,27,74,,15,57,10,1,3,0,0,0,0,0,22,1,2,10,0,1,2,1,1,6,0,0,15,20,3,0,0,0,0,0,0,0,0,0,0
421,221,秋月,あきづき,Akizuki,2,54,40,330,20,40,9,27,16,48,16,48,70,104,,10,59,10,1,3,0,0,0,0,0,30,1,2,13,1,0,1,3,1,6,170,270,20,25,1,0,0,0,0,0,0,0,0,0,0
422,222,照月,てるづき,Teruzuki,2,54,40,346,20,40,9,26,16,49,16,49,70,103,,9,49,10,1,3,0,0,0,0,0,30,1,2,13,1,0,1,3,1,6,170,270,20,25,1,0,0,0,0,0,0,0,0,0,0
423,223,初月,はつづき,Hatsuzuki,2,54,40,357,20,40,9,28,18,50,15,47,70,101,,7,47,10,1,3,0,0,0,0,0,30,1,2,13,1,0,1,3,1,6,170,270,20,25,1,0,0,0,0,0,0,0,0,0,0
424,224,高波,たかなみ,Takanami,2,38,30,345,16,34,6,19,10,30,24,69,9,39,,8,44,10,1,2,0,0,0,0,0,24,1,1,6,0,0,1,0,1,4,110,130,15,20,1,0,0,0,0,0,0,0,0,0,0
425,225,朝霜,あさしも,Asashimo,2,38,45,344,16,34,6,19,10,29,24,68,9,44,,16,59,10,1,2,0,0,0,0,0,24,1,1,6,0,0,1,0,1,4,150,170,15,20,1,0,0,0,0,0,0,0,0,0,0
426,226,吹雪改二,ふぶき,Fubuki Kai 2,2,12,0,0,31,49,14,50,15,59,30,88,35,78,,17,77,10,1,3,0,0,0,0,0,20,1,2,10,0,2,2,1,1,6,0,0,15,20,3,0,0,0,0,0,0,0,0,0,0
427,227,鳥海改二,ちょうかい,Choukai Kai 2,5,8,0,0,57,72,46,78,55,85,35,86,24,70,,19,68,10,2,4,3,3,3,3,0,85,4,7,21,3,4,1,2,2,6,0,0,45,80,1,0,0,0,0,0,0,0,0,0,0
428,228,摩耶改二,まや,Maya Kai 2,5,8,0,0,57,71,48,78,42,77,34,84,72,106,,14,64,10,2,4,3,3,3,3,0,85,4,6,21,4,2,1,5,2,6,0,0,45,80,1,0,0,0,0,0,0,0,0,0,0
429,229,天城改,あまぎ,Amagi Kai,11,53,0,0,60,84,35,76,0,45,0,0,33,79,,17,69,10,1,4,18,21,27,3,0,210,7,13,30,10,0,0,4,3,7,0,0,50,55,3,0,0,0,0,0,0,0,0,0,0
430,230,葛城改,かつらぎ,Katsuragi Kai,11,53,0,0,60,84,36,78,0,45,0,0,32,78,,30,79,10,1,4,18,21,27,3,0,210,7,13,30,10,0,0,4,3,7,0,0,50,55,3,0,0,0,0,0,0,0,0,0,0
431,231,U-511,ゆー511・ろ500,U-511,13,57,35,334,8,16,4,16,2,8,22,58,0,0,,30,63,5,1,1,0,0,0,0,0,22,1,2,2,1,0,2,0,0,5,170,270,10,20,1,0,0,0,0,0,0,0,0,0,0
432,232,Graf Zeppelin,グラーフ・ツェッペリン,Graf Zeppelin,11,63,50,353,70,89,29,57,10,40,0,0,40,70,,4,39,10,2,3,20,13,10,0,0,270,8,15,32,7,2,0,3,4,7,1300,900,55,65,1,0,0,0,0,0,0,0,0,0,0
433,233,Saratoga,サラトガ,Saratoga,11,69,40,438,83,93,40,63,30,45,0,0,36,73,,25,75,10,2,4,27,19,19,15,0,330,9,16,43,10,2,0,4,5,6,1100,800,65,70,1,0,0,0,0,0,0,0,0,0,0
434,234,睦月改二,むつき,Mutsuki Kai 2,2,28,0,0,27,43,12,43,10,45,28,79,16,56,,14,64,10,1,3,0,0,0,0,0,18,1,2,7,0,1,2,1,0,6,0,0,15,15,1,0,0,0,0,0,0,0,0,0,0
435,235,如月改二,きさらぎ,Kisaragi Kai 2,2,28,0,0,27,43,12,43,10,46,28,80,18,57,,13,60,10,1,3,0,0,0,0,0,18,1,2,7,0,1,2,1,0,6,0,0,15,15,1,0,0,0,0,0,0,0,0,0,0
436,236,呂500,ゆー511・ろ500,Ro-500,13,57,0,0,13,19,7,21,4,13,30,69,0,0,,44,77,5,1,2,0,0,0,0,0,22,1,2,2,1,1,2,0,0,7,0,0,10,20,3,0,0,0,0,0,0,0,0,0,0
437,237,暁改二,あかつき,Akatsuki Kai 2,2,5,0,0,31,50,14,50,14,62,32,90,19,59,,15,67,10,1,3,0,0,0,0,0,20,1,2,10,0,1,2,1,1,6,0,0,15,20,3,0,0,0,0,0,0,0,0,0,0
438,238,Saratoga改,サラトガ,Saratoga Kai,11,69,0,0,88,98,48,83,0,53,0,0,52,93,,35,85,10,1,4,36,18,18,18,0,330,12,18,50,18,0,0,5,6,7,0,0,85,90,3,0,0,0,0,0,0,0,0,0,0
439,239,Warspite,ウォースパイト,Warspite,9,67,75,364,72,87,72,91,72,92,0,0,38,88,,55,89,5,3,4,3,3,3,3,0,280,8,18,36,4,4,0,2,4,7,1200,1100,90,110,1,0,0,0,0,0,0,0,0,0,0
440,240,Iowa,アイオワ,Iowa,8,65,50,360,84,95,79,95,85,105,0,0,70,96,,35,89,10,3,4,4,4,4,4,0,500,30,45,90,30,6,0,3,5,7,2800,3400,200,250,1,0,0,0,0,0,0,0,0,0,0
441,241,Littorio,リットリオ・イタリア,Littorio,8,58,35,446,88,94,72,86,78,97,0,0,40,72,,20,69,10,4,4,3,3,3,3,0,300,10,18,37,6,3,0,1,3,6,900,1500,130,150,1,0,0,0,0,0,0,0,0,0,0
442,242,Roma,ローマ,Roma,8,58,35,447,88,94,71,85,79,98,0,0,44,74,,6,39,10,4,4,3,3,3,3,0,300,10,18,37,6,3,0,1,3,6,900,1500,130,150,1,0,0,0,0,0,0,0,0,0,0
443,243,Libeccio,リベッチオ,Libeccio,2,61,30,347,15,30,7,18,9,27,22,58,11,41,,12,59,10,1,2,0,0,0,0,0,23,1,1,6,0,1,1,0,0,6,100,170,15,20,1,0,0,0,0,0,0,0,0,0,0
444,244,Aquila,アクィラ,Aquila,11,68,45,365,38,60,18,38,0,14,0,0,18,48,,5,29,10,1,3,10,26,15,0,0,240,5,8,18,8,1,0,3,2,7,1000,880,40,45,1,0,0,0,0,0,0,0,0,0,0
445,245,秋津洲,あきつしま,Akitsushima,16,59,35,450,32,44,9,25,6,18,0,0,12,36,,12,59,5,1,2,1,1,0,0,0,70,3,1,7,4,0,0,1,1,7,350,700,50,10,1,0,0,0,0,0,0,0,0,0,0
446,246,Italia,リットリオ・イタリア,Italia,8,58,0,0,92,98,77,92,81,102,0,0,44,90,,30,79,10,4,4,3,3,3,3,0,300,18,28,39,7,5,0,2,3,7,0,0,140,170,7,0,0,0,0,0,0,0,0,0,0
447,247,Roma改,ローマ,Roma Kai,8,58,0,0,92,98,76,90,82,105,0,0,46,94,,8,57,10,4,4,3,3,3,3,0,300,18,28,39,7,5,0,2,3,7,0,0,140,170,3,0,0,0,0,0,0,0,0,0,0
448,248,Zara,ザラ,Zara,5,64,40,358,42,55,36,54,36,58,0,28,18,62,,10,48,10,3,3,2,2,2,0,0,70,2,2,11,2,3,0,0,2,6,280,420,45,60,1,0,0,0,0,0,0,0,0,0,0
449,249,Pola,ポーラ,Pola,5,64,40,361,42,55,35,53,35,59,0,32,16,64,,9,49,10,3,3,2,2,2,0,0,70,2,2,11,2,3,0,0,2,6,270,440,45,60,1,0,0,0,0,0,0,0,0,0,0
450,250,秋津洲改,あきつしま,Akitsushima Kai,16,59,0,0,36,48,13,42,8,28,0,0,16,44,,14,72,5,1,3,1,1,1,0,0,70,3,1,7,6,0,0,2,1,8,0,0,60,15,3,0,0,0,0,0,0,0,0,0,0
451,251,瑞穂,みずほ,Mizuho,16,62,40,348,41,59,19,42,12,36,0,32,16,32,,8,39,5,1,2,12,12,0,0,0,140,3,2,12,5,1,0,1,2,5,160,220,35,35,1,0,0,0,0,0,0,0,0,0,0
452,252,沖波,おきなみ,Okinami,2,38,30,359,16,34,6,19,10,30,24,69,9,38,,10,49,10,1,2,0,0,0,0,0,24,1,1,6,0,0,1,0,1,4,110,130,15,20,1,0,0,0,0,0,0,0,0,0,0
453,253,風雲,かざぐも,Kazagumo,2,38,30,349,16,34,6,19,10,30,25,70,10,40,,13,54,10,1,2,0,0,0,0,0,24,1,1,6,0,0,1,0,1,4,120,140,15,20,1,0,0,0,0,0,0,0,0,0,0
454,254,嵐,あらし,Arashi,2,30,35,354,16,34,6,19,10,29,24,69,9,39,,11,49,10,1,2,0,0,0,0,0,24,1,1,6,0,0,1,0,1,5,110,140,15,20,1,0,0,0,0,0,0,0,0,0,0
455,255,萩風,はぎかぜ,Hagikaze,2,30,35,355,16,34,6,19,11,30,24,69,9,39,,11,49,10,1,2,0,0,0,0,0,24,1,1,6,0,0,1,0,1,5,110,140,15,20,1,0,0,0,0,0,0,0,0,0,0
456,256,親潮,おやしお,Oyashio,2,30,35,362,16,34,6,19,10,30,24,68,9,37,,13,50,10,1,2,0,0,0,0,0,24,1,1,6,0,0,1,0,1,5,110,140,15,20,1,0,0,0,0,0,0,0,0,0,0
457,257,山風,やまかぜ,Yamakaze,2,23,45,369,16,32,6,19,11,31,24,69,8,38,,6,39,10,1,2,0,0,0,0,0,22,1,1,5,0,0,1,0,0,4,100,180,15,20,1,0,0,0,0,0,0,0,0,0,0
458,258,海風,うみかぜ,Umikaze,2,23,30,350,16,32,6,19,10,29,24,69,10,40,,10,49,10,1,2,0,0,0,0,0,22,1,1,5,0,0,1,0,0,4,100,150,15,20,1,0,0,0,0,0,0,0,0,0,0
459,259,江風,かわかぜ,Kawakaze,2,23,30,351,16,32,6,19,10,29,25,70,9,39,,10,49,10,1,2,0,0,0,0,0,22,1,1,5,0,0,1,0,0,4,100,150,15,20,1,0,0,0,0,0,0,0,0,0,0
460,260,速吸,はやすい,Hayasui,22,60,25,352,43,50,3,15,4,22,0,0,10,32,,7,39,5,1,2,6,1,0,0,0,220,6,0,20,1,0,0,1,1,6,270,200,100,15,1,0,0,0,0,0,0,0,0,0,0
461,261,翔鶴改二,しょうかく,Shoukaku Kai 2,11,33,88,466,77,93,43,77,0,63,0,0,48,88,,20,97,10,2,4,27,27,27,12,0,360,12,16,38,17,0,0,5,5,8,5700,1700,90,85,3,0,0,0,0,0,0,0,0,0,0
462,262,瑞鶴改二,ずいかく,Zuikaku Kai 2,11,33,90,467,78,93,44,78,0,56,0,0,54,90,,50,99,10,2,4,28,26,26,13,0,360,12,16,38,17,0,0,5,5,8,5750,1700,90,85,3,0,0,0,0,0,0,0,0,0,0
463,263,朝潮改二,あさしお,Asashio Kai 2,2,18,85,468,31,53,14,52,18,68,36,92,22,60,,17,70,10,1,3,0,0,0,0,0,22,1,2,10,0,2,2,1,1,6,360,390,15,20,1,0,0,0,0,0,0,0,0,0,0
464,264,霞改二,かすみ,Kasumi Kai 2,2,18,88,470,31,53,14,50,16,63,33,92,24,72,,37,97,10,1,3,0,0,0,0,0,22,1,2,10,0,2,2,1,1,6,300,390,15,20,1,0,0,0,0,0,0,0,0,0,0
465,265,鹿島,かしま,Kashima,21,56,35,356,36,48,9,27,13,27,11,24,15,46,,20,69,5,2,3,1,1,1,0,0,70,3,1,10,0,0,1,0,1,3,400,120,30,15,1,0,0,0,0,0,0,0,0,0,0
466,266,翔鶴改二甲,しょうかく,Shoukaku Kai 2 A,18,33,88,461,78,94,49,83,0,70,0,0,48,88,,20,97,10,2,4,34,21,12,9,0,360,12,16,40,16,0,0,5,6,8,4500,1200,100,85,3,0,0,0,0,0,0,0,0,0,0
467,267,瑞鶴改二甲,ずいかく,Zuikaku Kai 2 A,18,33,90,462,79,94,49,84,0,65,0,0,54,90,,50,99,10,2,4,34,24,12,6,0,360,12,16,40,16,0,0,5,6,8,4550,1200,100,85,3,0,0,0,0,0,0,0,0,0,0
468,268,朝潮改二丁,あさしお,Asashio Kai 2 D,2,18,85,463,34,59,15,55,12,52,36,86,30,74,,17,70,10,1,3,0,0,0,0,0,22,1,2,10,0,2,2,1,1,7,390,360,15,20,1,0,0,0,0,0,0,0,0,0,0
469,269,江風改二,かわかぜ,Kawakaze Kai 2,2,23,0,0,31,54,14,51,16,62,38,96,18,64,,19,75,10,1,3,0,0,0,0,0,22,1,2,10,0,2,2,1,1,6,0,0,15,20,3,0,0,0,0,0,0,0,0,0,0
470,270,霞改二乙,かすみ,Kasumi Kai 2 B,2,18,88,464,31,53,15,52,12,59,30,83,32,80,,37,97,10,1,3,0,0,0,0,0,22,1,2,10,0,1,2,2,1,7,390,300,15,20,1,0,0,0,0,0,0,0,0,0,0
471,271,神風,かみかぜ,Kamikaze,2,66,50,476,12,23,5,17,5,28,12,36,5,26,,30,79,10,1,2,0,0,0,0,0,18,1,1,3,0,1,1,0,0,4,80,130,15,15,1,0,0,0,0,0,0,0,0,0,0
472,272,朝風,あさかぜ,Asakaze,2,66,50,370,12,23,5,17,5,29,12,37,6,27,,13,72,10,1,2,0,0,0,0,0,18,1,1,3,0,1,1,0,0,4,80,150,15,15,1,0,0,0,0,0,0,0,0,0,0
473,273,春風,はるかぜ,Harukaze,2,66,50,363,12,23,5,17,5,27,12,36,6,28,,25,74,10,1,2,0,0,0,0,0,18,1,1,3,0,1,1,0,0,4,80,110,15,15,1,0,0,0,0,0,0,0,0,0,0
474,274,松風,まつかぜ,Matsukaze,2,66,50,371,12,23,5,17,5,28,12,38,5,25,,12,70,10,1,2,0,0,0,0,0,18,1,1,3,0,1,1,0,0,4,80,130,15,15,1,0,0,0,0,0,0,0,0,0,0
476,276,神風改,かみかぜ,Kamikaze Kai,2,66,0,0,23,38,10,38,8,41,14,68,14,48,,40,99,10,1,3,0,0,0,0,0,18,1,1,4,0,1,1,0,0,6,0,0,15,15,3,0,0,0,0,0,0,0,0,0,0
481,281,水無月,みなづき,Minazuki,2,28,20,366,13,24,5,18,6,29,18,49,7,29,,13,53,10,1,2,0,0,0,0,0,18,1,1,4,0,1,1,0,0,4,100,100,15,15,1,0,0,0,0,0,0,0,0,0,0
483,283,伊26,い26,I-26,13,39,50,367,14,19,4,18,2,9,32,75,0,0,,14,51,5,1,1,0,0,0,0,0,22,1,2,2,1,0,2,0,0,4,140,200,10,20,1,0,0,0,0,0,0,0,0,0,0
485,285,藤波,ふじなみ,Fujinami,2,38,30,373,16,34,6,19,10,31,24,69,12,42,,9,49,10,1,2,0,0,0,0,0,24,1,1,6,0,0,1,0,1,4,110,150,15,20,1,0,0,0,0,0,0,0,0,0,0
486,286,浦波,うらなみ,Uranami,2,12,30,368,15,29,5,19,10,29,27,69,10,39,,14,54,10,1,2,0,0,0,0,0,20,1,1,5,0,0,1,0,0,4,100,100,15,20,1,0,0,0,0,0,0,0,0,0,0
487,287,鬼怒改二,きぬ,Kinu Kai 2,3,20,0,0,45,61,29,68,15,55,28,82,41,83,,17,72,10,1,3,1,1,1,0,0,75,2,2,10,0,1,2,2,2,7,0,0,25,30,3,0,0,0,0,0,0,0,0,0,0
490,290,荒潮改二,あらしお,Arashio Kai 2,2,18,0,0,31,54,14,52,19,69,33,88,22,70,,17,71,10,1,3,0,0,0,0,0,22,1,2,10,0,2,2,1,1,4,0,0,15,20,1,0,0,0,0,0,0,0,0,0,0
491,291,Commandant Teste,コマンダン・テスト,Commandant Teste,16,70,40,372,42,63,24,50,28,48,0,0,18,40,,17,79,5,1,3,12,7,7,0,0,140,3,4,13,6,2,0,1,3,6,200,380,35,40,1,0,0,0,0,0,0,0,0,0,0
494,294,伊13,い13,I-13,14,71,45,374,18,23,5,22,2,9,27,68,0,0,,6,39,5,1,2,2,0,0,0,0,200,1,2,3,2,0,1,1,1,5,280,100,15,15,1,0,0,0,0,0,0,0,0,0,0
495,295,伊14,い14,I-14,14,71,45,375,18,23,5,22,2,9,27,66,0,0,,24,64,5,1,2,2,0,0,0,0,200,1,2,3,2,0,1,1,1,6,280,100,15,15,1,0,0,0,0,0,0,0,0,0,0
496,296,Zara due,ザラ,Zara due,5,64,0,0,62,74,55,88,57,87,0,48,35,90,,17,70,10,3,4,6,3,3,3,0,70,4,10,25,5,4,0,2,3,8,0,0,50,80,3,0,0,0,0,0,0,0,0,0,0
499,299,神威改,かもい,Kamoi Kai,16,72,60,500,37,48,13,29,6,22,0,0,12,28,,19,69,5,2,3,11,8,3,0,0,140,3,0,10,1,0,0,1,1,5,240,30,30,15,3,0,0,0,0,0,0,0,0,0,0
500,300,神威改母,かもい,Kamoi Kai Bo,22,72,0,0,39,51,17,33,7,25,0,0,14,34,,20,79,5,2,3,1,1,1,0,0,140,3,0,10,3,0,0,2,1,6,0,0,30,20,3,0,0,0,0,0,0,0,0,0,0
503,303,鈴谷改二,すずや,Suzuya Kai 2,6,9,88,508,61,73,42,74,30,76,40,88,30,85,,14,74,10,2,4,3,3,7,11,0,100,5,8,20,5,2,1,3,2,7,4700,800,55,60,3,0,0,0,0,0,0,0,0,0,0
504,304,熊野改二,くまの,Kumano Kai 2,6,9,88,509,62,74,42,75,30,76,40,87,30,84,,13,73,10,2,4,3,3,7,11,0,100,5,8,20,5,2,1,3,2,7,4700,800,55,60,3,0,0,0,0,0,0,0,0,0,0
508,308,鈴谷航改二,すずや,Suzuya-Kou Kai 2,7,9,88,503,61,73,42,74,0,56,0,0,33,87,,13,74,10,2,4,15,12,12,8,0,100,5,9,20,6,1,0,3,3,8,4500,1300,60,55,3,0,0,0,0,0,0,0,0,0,0
509,309,熊野航改二,くまの,Kumano-Kou Kai 2,7,9,88,504,62,74,42,75,0,55,0,0,33,86,,12,73,10,2,4,15,12,12,8,0,100,5,9,20,6,1,0,3,3,8,4500,1300,60,55,3,0,0,0,0,0,0,0,0,0,0
511,311,Гангут,ガングート,Гангут,8,73,45,512,59,79,55,73,55,78,14,28,22,58,,20,69,5,3,4,1,1,1,1,0,240,8,12,29,3,2,1,1,3,5,2000,2400,75,100,1,0,0,0,0,0,0,0,0,0,0
512,312,Октябрьская революция,ガングート,Октябрьская революция,8,73,75,513,72,87,68,90,65,89,0,0,36,65,,30,79,5,3,4,1,1,1,1,0,240,9,13,32,3,3,0,1,3,6,4200,1600,80,105,3,0,0,0,0,0,0,0,0,0,0
513,316,Гангут два,ガングート,Гангут два,8,73,0,0,77,92,71,95,66,90,16,32,38,72,,35,88,5,3,4,1,1,2,2,0,240,9,14,33,3,3,1,1,4,7,0,0,85,110,3,0,0,0,0,0,0,0,0,0,0
517,317,占守,しむしゅ,Shimushu,1,74,40,376,9,18,4,16,4,18,0,0,7,24,,40,79,5,1,2,0,0,0,0,0,14,1,1,2,0,1,0,0,0,4,60,90,10,10,1,0,0,0,0,0,0,0,0,0,0
518,318,国後,くなしり,Kunashiri,1,74,40,377,9,18,4,16,4,19,0,0,6,22,,35,78,5,1,2,0,0,0,0,0,14,1,1,2,0,1,0,0,0,4,60,90,10,10,1,0,0,0,0,0,0,0,0,0,0
521,321,春日丸,たいよう,Kasugamaru,7,75,30,526,36,58,14,32,0,9,0,0,12,24,,5,39,5,1,2,14,9,0,0,0,160,2,1,16,3,0,0,1,2,4,350,190,25,25,1,0,0,0,0,0,0,0,0,0,0
526,326,大鷹,たいよう,Taiyou,7,76,60,380,37,59,15,34,0,12,0,0,13,27,35,6,44,5,1,3,14,11,2,0,0,160,2,2,16,3,0,0,1,2,5,390,230,30,25,3,0,0,0,0,0,0,0,0,0,0
529,331,大鷹改二,たいよう,Taiyou Kai 2,7,76,0,0,49,74,26,55,18,39,0,0,24,54,75,14,64,5,2,4,14,14,8,3,0,160,3,6,16,5,0,0,3,2,7,0,0,35,35,3,0,0,0,0,0,0,0,0,0,0
524,334,択捉,えとろふ,Etorofu,1,77,37,383,9,18,4,16,4,18,0,0,7,27,,37,78,5,1,2,0,0,0,0,0,14,1,1,2,0,1,0,0,0,4,55,95,10,10,1,0,0,0,0,0,0,0,0,0,0
541,341,長門改二,ながと,Nagato Kai 2,9,19,0,0,91,99,88,110,91,118,0,0,40,100,,40,108,5,3,4,3,3,6,3,0,300,30,38,88,18,6,0,2,6,8,0,0,180,225,3,0,0,0,0,0,0,0,0,0,0
201,1301,吹雪改,ふぶき,Fubuki Kai,2,12,70,426,30,49,13,49,12,49,28,79,15,49,,12,49,10,1,3,0,0,0,0,0,20,1,2,10,0,1,1,1,1,4,230,270,15,20,3,0,0,0,0,0,0,0,0,0,0
202,1302,白雪改,しらゆき,Shirayuki Kai,2,12,0,0,30,49,13,49,12,49,28,79,15,49,,12,49,10,1,3,0,0,0,0,0,20,1,2,10,0,1,1,1,1,4,0,0,15,20,1,0,0,0,0,0,0,0,0,0,0
203,1303,初雪改,はつゆき,Hatsuyuki Kai,2,12,0,0,30,49,13,49,12,49,28,79,15,49,,12,49,10,1,3,0,0,0,0,0,20,1,2,10,0,1,1,1,1,4,0,0,15,20,1,0,0,0,0,0,0,0,0,0,0
204,1304,深雪改,みゆき,Miyuki Kai,2,12,0,0,30,49,13,49,12,49,28,79,15,49,,12,49,10,1,3,0,0,0,0,0,20,1,2,10,0,1,1,1,1,4,0,0,15,20,1,0,0,0,0,0,0,0,0,0,0
205,1305,叢雲改,むらくも,Murakumo Kai,2,12,70,420,30,49,13,49,12,49,28,79,15,49,,12,49,10,1,3,0,0,0,0,0,20,1,2,10,0,1,1,1,1,4,210,250,15,20,3,0,0,0,0,0,0,0,0,0,0
206,1306,磯波改,いそなみ,Isonami Kai,2,12,0,0,30,49,13,49,12,49,28,79,15,49,,12,49,10,1,3,0,0,0,0,0,20,1,2,10,0,1,1,1,1,4,0,0,15,20,0,0,0,0,0,0,0,0,0,0,0
207,1307,綾波改,あやなみ,Ayanami Kai,2,1,70,195,30,49,13,49,12,49,28,79,15,49,,12,49,10,1,3,0,0,0,0,0,20,1,2,10,0,1,1,1,1,4,200,280,15,20,1,0,0,0,0,0,0,0,0,0,0
208,1308,敷波改,しきなみ,Shikinami Kai,2,1,0,0,30,49,13,49,12,49,28,79,15,49,,12,49,10,1,3,0,0,0,0,0,20,1,2,10,0,1,1,1,1,4,0,0,15,20,1,0,0,0,0,0,0,0,0,0,0
209,1309,金剛改,こんごう,Kongou Kai,8,6,75,149,75,89,67,89,72,94,0,0,28,79,,12,69,10,3,4,3,3,3,3,0,240,10,14,33,3,4,0,2,3,6,2400,2400,90,120,1,0,0,0,0,0,0,0,0,0,0
210,1310,比叡改,ひえい,Hiei Kai,8,6,75,150,75,89,67,89,72,94,0,0,28,79,,12,69,10,3,4,3,3,3,3,0,240,10,14,33,3,4,0,2,3,6,2400,2400,90,120,1,0,0,0,0,0,0,0,0,0,0
211,1311,榛名改,はるな,Haruna Kai,8,6,80,151,75,89,67,89,72,94,0,0,28,79,,20,69,10,3,4,3,3,3,3,0,240,10,14,33,3,4,0,2,3,6,2400,2400,90,120,1,0,0,0,0,0,0,0,0,0,0
212,1312,霧島改,きりしま,Kirishima Kai,8,6,75,152,75,89,67,89,72,94,0,0,28,79,,12,69,10,3,4,3,3,3,3,0,240,10,14,33,3,4,0,2,3,6,2400,2400,90,120,1,0,0,0,0,0,0,0,0,0,0
213,1313,天龍改,てんりゅう,Tenryuu Kai,3,21,0,0,40,54,28,59,20,59,24,79,12,49,,12,59,10,2,3,0,0,0,0,0,60,1,1,8,0,1,1,1,2,4,0,0,25,25,1,0,0,0,0,0,0,0,0,0,0
214,1314,龍田改,たつた,Tatsuta Kai,3,21,0,0,40,54,28,59,20,59,24,79,12,49,,12,59,10,2,3,0,0,0,0,0,60,1,1,8,0,1,1,1,2,4,0,0,25,25,1,0,0,0,0,0,0,0,0,0,0
215,1315,球磨改,くま,Kuma Kai,3,4,0,0,42,59,29,69,20,69,24,89,15,69,,12,59,10,2,3,1,1,1,0,0,60,2,2,10,0,2,1,1,2,5,0,0,25,30,1,0,0,0,0,0,0,0,0,0,0
216,1316,多摩改,たま,Tama Kai,3,4,0,0,42,59,29,59,20,59,24,79,15,59,,12,59,10,2,3,1,1,1,0,0,60,2,2,10,0,1,1,1,2,4,0,0,25,30,1,0,0,0,0,0,0,0,0,0,0
217,1317,木曾改,きそ,Kiso Kai,3,4,65,146,42,59,29,59,20,59,24,79,15,59,,12,59,10,2,3,1,1,1,0,0,60,2,2,10,0,1,1,1,2,4,400,750,25,30,0,0,0,0,0,0,0,0,0,0,0
218,1318,長良改,ながら,Nagara Kai,3,20,0,0,43,59,29,69,20,69,24,89,15,69,,12,59,10,2,3,1,1,1,0,0,60,2,2,10,0,2,1,1,2,5,0,0,25,30,1,0,0,0,0,0,0,0,0,0,0
219,1319,五十鈴改,いすず,Isuzu Kai,3,20,50,141,37,59,29,59,18,59,24,79,40,59,,12,59,10,2,3,1,1,1,0,0,60,2,2,10,0,1,1,4,2,4,270,360,25,30,0,0,0,0,0,0,0,0,0,0,0
220,1320,由良改,ゆら,Yura Kai,3,20,0,0,43,59,29,59,20,59,24,79,15,59,,12,59,10,2,3,1,1,1,0,0,60,2,2,10,0,1,1,1,2,4,0,0,25,30,1,0,0,0,0,0,0,0,0,0,0
221,1321,名取改,なとり,Natori Kai,3,20,0,0,43,59,29,59,20,69,24,89,15,59,,12,59,10,2,3,1,1,1,0,0,60,2,2,10,0,1,1,1,2,4,0,0,25,30,1,0,0,0,0,0,0,0,0,0,0
222,1322,川内改,せんだい,Sendai Kai,3,16,60,158,44,59,29,69,20,59,24,79,15,69,,12,59,10,2,3,1,1,1,0,0,60,2,2,10,0,2,1,1,2,5,300,480,25,30,1,0,0,0,0,0,0,0,0,0,0
223,1323,神通改,じんつう,Jintsuu Kai,3,16,60,159,44,59,29,59,20,59,24,79,15,59,,12,59,10,2,3,1,1,1,0,0,60,2,2,10,0,1,1,1,2,4,300,480,25,30,1,0,0,0,0,0,0,0,0,0,0
224,1324,那珂改,なか,Naka Kai,3,16,48,160,44,59,29,59,20,59,24,79,15,59,,12,59,10,2,3,1,1,1,0,0,60,2,2,10,0,1,1,1,2,4,480,400,25,30,1,0,0,0,0,0,0,0,0,0,0
225,1325,陽炎改,かげろう,Kagerou Kai,2,30,0,0,32,49,14,49,12,49,28,79,16,49,,12,59,10,1,3,0,0,0,0,0,24,1,2,10,0,1,1,1,1,4,0,0,15,20,1,0,0,0,0,0,0,0,0,0,0
226,1326,不知火改,しらぬい,Shiranui Kai,2,30,0,0,32,49,14,49,12,49,28,79,16,49,,12,59,10,1,3,0,0,0,0,0,24,1,2,10,0,1,1,1,1,4,0,0,15,20,1,0,0,0,0,0,0,0,0,0,0
227,1327,黒潮改,くろしお,Kuroshio Kai,2,30,0,0,32,49,14,49,12,49,28,79,16,49,,12,59,10,1,3,0,0,0,0,0,24,1,2,10,0,1,1,1,1,4,0,0,15,20,1,0,0,0,0,0,0,0,0,0,0
228,1328,雪風改,ゆきかぜ,Yukikaze Kai,2,30,0,0,32,49,14,59,12,59,28,89,16,59,,60,99,10,1,3,0,0,0,0,0,24,1,2,10,0,1,1,2,2,6,0,0,15,20,0,0,0,0,0,0,0,0,0,0,0
229,1329,島風改,しまかぜ,Shimakaze Kai,2,22,0,0,36,59,14,59,14,59,48,99,16,59,,12,59,10,1,3,0,0,0,0,0,30,1,3,15,0,1,2,1,2,6,0,0,20,25,1,0,0,0,0,0,0,0,0,0,0
230,1330,朧改,おぼろ,Oboro Kai,2,1,0,0,30,49,13,49,12,49,28,79,15,49,,12,59,10,1,3,0,0,0,0,0,20,1,2,10,0,1,1,1,1,4,0,0,15,20,1,0,0,0,0,0,0,0,0,0,0
231,1331,曙改,あけぼの,Akebono Kai,2,1,0,0,30,49,13,49,12,49,28,79,15,49,,12,59,10,1,3,0,0,0,0,0,20,1,2,10,0,1,1,1,1,4,0,0,15,20,1,0,0,0,0,0,0,0,0,0,0
232,1332,漣改,さざなみ,Sazanami Kai,2,1,0,0,30,49,13,49,12,49,28,79,15,49,,12,59,10,1,3,0,0,0,0,0,20,1,2,10,0,1,1,1,1,4,0,0,15,20,1,0,0,0,0,0,0,0,0,0,0
233,1333,潮改,うしお,Ushio Kai,2,1,60,407,30,49,13,49,12,49,28,79,15,49,,20,79,10,1,3,0,0,0,0,0,20,1,2,10,0,1,1,1,1,4,170,30,15,20,1,0,0,0,0,0,0,0,0,0,0
234,1334,暁改,あかつき,Akatsuki Kai,2,5,70,437,30,49,13,49,12,49,28,79,15,49,,12,59,10,1,3,0,0,0,0,0,20,1,2,10,0,1,1,1,1,4,190,190,15,20,3,0,0,0,0,0,0,0,0,0,0
235,1335,響改,ひびき,Hibiki Kai,2,5,70,147,30,49,13,49,12,49,28,79,15,49,,12,59,10,1,3,0,0,0,0,0,20,1,2,10,0,1,1,1,1,4,240,200,15,20,0,0,0,0,0,0,0,0,0,0,0
236,1336,雷改,いかづち,Ikazuchi Kai,2,5,0,0,30,49,13,49,12,49,28,79,15,49,,12,59,10,1,3,0,0,0,0,0,20,1,2,10,0,1,1,1,1,4,0,0,15,20,1,0,0,0,0,0,0,0,0,0,0
237,1337,電改,いなづま,Inazuma Kai,2,5,0,0,30,49,13,49,12,49,28,79,15,49,,12,59,10,1,3,0,0,0,0,0,20,1,2,10,0,1,1,1,1,4,0,0,15,20,1,0,0,0,0,0,0,0,0,0,0
238,1338,初春改,はつはる,Hatsuharu Kai,2,10,65,326,30,48,13,49,12,49,28,79,15,49,,12,59,10,1,3,0,0,0,0,0,20,1,2,10,0,1,1,1,1,4,200,200,15,20,1,0,0,0,0,0,0,0,0,0,0
239,1339,子日改,ねのひ,Nenohi Kai,2,10,0,0,30,48,13,49,12,49,28,79,15,49,,12,59,10,1,3,0,0,0,0,0,20,1,2,10,0,1,1,1,1,4,0,0,15,20,1,0,0,0,0,0,0,0,0,0,0
240,1340,若葉改,わかば,Wakaba Kai,2,10,0,0,30,48,13,49,12,49,28,79,15,49,,12,59,10,1,3,0,0,0,0,0,20,1,2,10,0,1,1,1,1,4,0,0,15,20,1,0,0,0,0,0,0,0,0,0,0
241,1341,初霜改,はつしも,Hatsushimo Kai,2,10,70,419,30,48,13,49,12,49,28,79,15,49,,12,59,10,1,3,0,0,0,0,0,20,1,2,10,0,1,1,1,1,4,220,230,15,20,1,0,0,0,0,0,0,0,0,0,0
242,1342,白露改,しらつゆ,Shiratsuyu Kai,2,23,0,0,30,48,14,49,12,49,28,79,15,49,,12,59,10,1,3,0,0,0,0,0,22,1,2,10,0,1,1,1,1,4,0,0,15,20,1,0,0,0,0,0,0,0,0,0,0
243,1343,時雨改,しぐれ,Shigure Kai,2,23,60,145,30,48,14,49,12,49,28,79,15,49,,12,59,10,1,3,0,0,0,0,0,22,1,2,10,0,1,1,1,1,4,180,200,15,20,1,0,0,0,0,0,0,0,0,0,0
244,1344,村雨改,むらさめ,Murakumo Kai,2,23,0,0,30,48,14,49,12,49,28,79,15,49,,12,59,10,1,3,0,0,0,0,0,22,1,2,10,0,1,1,1,1,4,0,0,15,20,1,0,0,0,0,0,0,0,0,0,0
245,1345,夕立改,ゆうだち,Yuudachi Kai,2,23,55,144,30,48,14,49,12,49,28,79,15,49,,12,59,10,1,3,0,0,0,0,0,22,1,2,10,0,1,1,1,1,4,180,200,15,20,1,0,0,0,0,0,0,0,0,0,0
246,1346,五月雨改,さみだれ,Samidare Kai,2,23,0,0,30,48,14,49,12,49,28,79,15,49,,12,59,10,1,3,0,0,0,0,0,22,1,2,10,0,1,1,1,1,4,0,0,15,20,1,0,0,0,0,0,0,0,0,0,0
247,1347,涼風改,すずかぜ,Suzukaze Kai,2,23,0,0,30,48,14,49,12,49,28,79,15,49,,12,59,10,1,3,0,0,0,0,0,22,1,2,10,0,1,1,1,1,4,0,0,15,20,1,0,0,0,0,0,0,0,0,0,0
248,1348,朝潮改,あさしお,Asashio Kai,2,18,70,463,31,49,14,49,12,49,28,79,16,49,,12,59,10,1,3,0,0,0,0,0,22,1,2,10,0,1,1,1,1,4,390,360,15,20,1,0,0,0,0,0,0,0,0,0,0
249,1349,大潮改,おおしお,Ooshio Kai,2,18,65,199,31,49,14,49,12,49,28,79,16,49,,12,59,10,1,3,0,0,0,0,0,22,1,2,10,0,1,1,1,1,4,270,200,15,20,1,0,0,0,0,0,0,0,0,0,0
250,1350,満潮改,みちしお,Michishio Kai,2,18,0,0,31,49,14,49,12,49,28,79,16,49,,12,59,10,1,3,0,0,0,0,0,22,1,2,10,0,1,1,1,1,4,0,0,15,20,1,0,0,0,0,0,0,0,0,0,0
251,1351,荒潮改,あらしお,Arashio Kai,2,18,67,490,31,49,14,49,12,49,28,79,16,49,,12,59,10,1,3,0,0,0,0,0,22,1,2,10,0,1,1,1,1,4,280,220,15,20,1,0,0,0,0,0,0,0,0,0,0
252,1352,霰改,あられ,Arare Kai,2,18,0,0,31,49,14,49,12,49,28,79,16,49,,12,59,10,1,3,0,0,0,0,0,22,1,2,10,0,1,1,1,1,4,0,0,15,20,1,0,0,0,0,0,0,0,0,0,0
253,1353,霞改,かすみ,Kasumi Kai,2,18,75,464,31,49,14,49,12,49,28,79,16,49,,20,79,10,1,3,0,0,0,0,0,22,1,2,10,0,1,1,1,1,4,390,300,15,20,1,0,0,0,0,0,0,0,0,0,0
254,1354,睦月改,むつき,Mutsuki Kai,2,28,65,434,24,39,11,39,9,39,18,69,12,39,,12,59,10,1,3,0,0,0,0,0,18,1,1,4,0,1,1,0,0,4,170,100,15,15,1,0,0,0,0,0,0,0,0,0,0
255,1355,如月改,きさらぎ,Kisaragi Kai,2,28,65,435,24,39,11,39,9,39,18,69,12,39,,12,59,10,1,3,0,0,0,0,0,18,1,1,4,0,0,1,0,0,4,170,100,15,15,1,0,0,0,0,0,0,0,0,0,0
256,1356,皐月改,さつき,Satsuki Kai,2,28,75,418,24,39,11,39,9,39,18,69,12,39,,12,59,10,1,3,0,0,0,0,0,18,1,1,4,0,0,1,0,0,4,330,270,15,15,1,0,0,0,0,0,0,0,0,0,0
257,1357,文月改,ふみづき,Fumizuki Kai,2,28,0,0,24,39,11,39,9,39,18,69,12,39,,12,59,10,1,3,0,0,0,0,0,18,1,1,4,0,0,1,0,0,4,0,0,15,15,1,0,0,0,0,0,0,0,0,0,0
258,1358,長月改,ながつき,Nagatsuki Kai,2,28,0,0,24,39,11,39,9,39,18,69,12,39,,20,79,10,1,3,0,0,0,0,0,18,1,1,4,0,0,1,0,0,4,0,0,15,15,1,0,0,0,0,0,0,0,0,0,0
259,1359,菊月改,きくづき,Kikuzuki Kai,2,28,0,0,24,39,11,39,9,39,18,69,12,39,,12,59,10,1,3,0,0,0,0,0,18,1,1,4,0,0,1,0,0,4,0,0,15,15,1,0,0,0,0,0,0,0,0,0,0
260,1360,三日月改,みかづき,Mikazuki Kai,2,28,0,0,24,39,11,39,9,39,18,69,12,39,,12,59,10,1,3,0,0,0,0,0,18,1,1,4,0,0,1,0,0,4,0,0,15,15,1,0,0,0,0,0,0,0,0,0,0
261,1361,望月改,もちづき,Mochizuki Kai,2,28,0,0,24,39,11,39,9,39,18,69,12,39,,12,59,10,1,3,0,0,0,0,0,18,1,1,4,0,0,1,0,0,4,0,0,15,15,1,0,0,0,0,0,0,0,0,0,0
262,1362,古鷹改,ふるたか,Furutaka Kai,5,7,65,416,48,65,32,70,36,70,18,59,18,59,,10,59,10,2,4,2,2,2,2,0,60,3,6,15,1,2,1,1,2,4,380,480,35,55,1,0,0,0,0,0,0,0,0,0,0
263,1363,加古改,かこ,Kako Kai,5,7,65,417,48,65,32,70,36,70,18,59,18,59,,10,59,10,2,4,2,2,2,2,0,60,3,6,15,1,2,1,1,2,4,380,480,35,55,1,0,0,0,0,0,0,0,0,0,0
264,1364,青葉改,あおば,Aoba Kai,5,13,0,0,49,65,34,70,36,72,18,59,18,59,,30,79,10,2,4,2,2,2,2,0,60,3,6,15,1,2,1,1,2,4,0,0,35,55,0,0,0,0,0,0,0,0,0,0,0
265,1365,妙高改,みょうこう,Myoukou Kai,5,29,70,319,55,69,42,73,48,76,24,79,18,69,,10,59,10,2,4,2,2,2,2,0,80,4,7,20,2,3,1,1,2,5,800,900,40,70,3,0,0,0,0,0,0,0,0,0,0
266,1366,那智改,なち,Nachi Kai,5,29,65,192,55,69,42,73,48,76,24,69,18,69,,10,59,10,2,4,2,2,2,2,0,80,4,7,20,2,3,1,1,2,4,800,900,40,70,1,0,0,0,0,0,0,0,0,0,0
267,1367,足柄改,あしがら,Ashigara Kai,5,29,65,193,55,69,42,73,48,77,24,69,18,69,,10,59,10,2,4,2,2,2,2,0,80,4,7,20,2,3,1,1,2,4,800,900,40,70,3,0,0,0,0,0,0,0,0,0,0
268,1368,羽黒改,はぐろ,Haguro Kai,5,29,65,194,55,69,42,73,48,77,24,69,18,69,,10,59,10,2,4,2,2,2,2,0,80,4,7,20,2,3,1,1,2,4,800,900,40,70,1,0,0,0,0,0,0,0,0,0,0
269,1369,高雄改,たかお,Takao Kai,5,8,0,0,57,69,45,75,48,77,24,79,20,69,,10,59,10,2,4,2,2,2,2,0,85,4,7,20,2,3,1,1,2,5,0,0,40,70,1,0,0,0,0,0,0,0,0,0,0
270,1370,愛宕改,あたご,Atago Kai,5,8,0,0,57,69,45,75,48,77,24,79,20,69,,10,59,10,2,4,2,2,2,2,0,85,4,7,20,2,3,1,1,2,5,0,0,40,70,1,0,0,0,0,0,0,0,0,0,0
271,1371,摩耶改,まや,Maya Kai,5,8,75,428,55,69,45,75,43,78,24,69,55,89,,10,59,10,2,4,2,2,2,2,0,85,4,7,20,2,2,1,4,2,4,750,1150,40,70,1,0,0,0,0,0,0,0,0,0,0
272,1372,鳥海改,ちょうかい,Choukai Kai,5,8,65,427,57,69,45,75,48,78,24,69,20,69,,10,59,10,2,4,2,2,2,2,0,85,4,7,20,2,3,1,1,2,4,650,1300,40,70,1,0,0,0,0,0,0,0,0,0,0
273,1373,利根改,とね,Tone Kai,5,31,70,188,56,69,46,77,42,76,24,79,24,79,,10,59,10,2,4,4,4,4,4,0,90,5,7,18,3,3,1,2,2,5,1000,700,45,65,1,0,0,0,0,0,0,0,0,0,0
274,1374,筑摩改,ちくま,Chikuma Kai,5,31,70,189,56,69,46,77,42,76,24,79,24,79,,10,59,10,2,4,4,4,4,4,0,90,5,7,18,3,3,1,2,2,5,1000,700,45,65,1,0,0,0,0,0,0,0,0,0,0
275,1375,長門改,ながと,Nagato Kai,9,19,88,541,90,98,85,98,90,99,0,0,33,99,,32,99,5,3,4,3,3,3,3,0,300,20,30,50,3,5,0,2,5,7,9200,8800,100,160,3,0,0,0,0,0,0,0,0,0,0
276,1376,陸奥改,むつ,Mutsu Kai,9,19,0,0,90,98,85,98,90,99,0,0,33,99,,6,59,5,3,4,3,3,3,3,0,300,20,30,50,3,5,0,2,5,7,0,0,100,160,1,0,0,0,0,0,0,0,0,0,0
277,1377,赤城改,あかぎ,Akagi Kai,11,14,0,0,77,92,40,79,0,54,0,0,35,79,,12,59,10,1,4,20,20,32,10,0,270,10,15,35,12,0,0,5,4,7,0,0,75,75,1,0,0,0,0,0,0,0,0,0,0
278,1378,加賀改,かが,Kaga Kai,11,3,0,0,79,92,40,79,0,49,0,0,30,79,,12,59,10,1,4,20,20,46,12,0,260,10,17,40,15,0,0,5,4,6,0,0,80,80,3,0,0,0,0,0,0,0,0,0,0
279,1379,蒼龍改,そうりゅう,Souryuu Kai,11,17,78,197,65,89,35,69,0,39,0,0,30,79,,12,59,10,1,4,18,27,18,10,0,250,9,13,30,10,0,0,4,4,6,1200,1700,65,65,3,0,0,0,0,0,0,0,0,0,0
280,1380,飛龍改,ひりゅう,Hiryuu Kai,11,25,77,196,65,89,35,69,0,39,0,0,30,79,,40,89,10,1,4,18,27,18,10,0,250,9,13,30,10,0,0,4,4,7,1200,1700,65,65,3,0,0,0,0,0,0,0,0,0,0
281,1381,龍驤改,りゅうじょう,Ryuujou Kai,7,32,75,157,45,69,25,59,0,29,0,0,20,39,,12,59,10,1,4,9,24,5,5,0,170,4,6,20,6,0,0,3,2,5,600,600,40,40,1,0,0,0,0,0,0,0,0,0,0
282,1382,祥鳳改,しょうほう,Shouhou Kai,7,11,0,0,45,69,25,59,0,29,0,0,18,39,,12,59,10,1,4,18,12,12,6,0,160,4,6,20,6,0,0,3,2,5,0,0,40,40,1,0,0,0,0,0,0,0,0,0,0
283,1383,飛鷹改,ひよう,Hiyou Kai,7,24,0,0,50,79,30,59,0,29,0,0,25,69,,12,59,5,1,4,18,18,18,12,0,180,6,10,25,8,0,0,3,3,5,0,0,45,45,1,0,0,0,0,0,0,0,0,0,0
284,1384,隼鷹改,じゅんよう,Junyou Kai,7,24,80,408,50,79,30,59,0,29,0,0,25,69,,30,79,5,1,4,18,18,18,12,0,180,6,10,25,8,0,0,3,3,5,900,1400,45,45,1,0,0,0,0,0,0,0,0,0,0
285,1385,鳳翔改,ほうしょう,Houshou Kai,7,27,0,0,40,59,25,49,0,29,0,0,15,39,,30,79,5,1,3,14,16,12,0,0,120,3,4,15,4,0,0,2,2,4,0,0,30,30,1,0,0,0,0,0,0,0,0,0,0
286,1386,扶桑改,ふそう,Fusou Kai,10,26,80,411,75,89,72,89,63,79,0,0,40,89,,10,59,5,3,4,10,10,10,10,0,260,10,15,35,3,4,0,2,4,5,3500,2400,95,105,1,0,0,0,0,0,0,0,0,0,0
287,1387,山城改,やましろ,Yamashiro Kai,10,26,80,412,75,89,72,89,63,79,0,0,40,89,,10,59,5,3,4,10,10,10,10,0,260,10,15,35,3,4,0,2,4,5,3500,2400,95,105,1,0,0,0,0,0,0,0,0,0,0
288,1388,翔鶴改,しょうかく,Shoukaku Kai,11,33,80,461,75,90,42,72,0,39,0,0,40,79,,12,89,10,1,4,24,24,24,12,0,360,7,10,30,10,0,0,4,3,6,3700,1200,65,70,3,0,0,0,0,0,0,0,0,0,0
289,1389,鬼怒改,きぬ,Kinu Kai,3,20,75,487,41,59,29,59,20,59,24,79,15,59,,12,59,10,2,3,1,1,1,0,0,75,2,2,10,0,1,1,1,2,5,580,350,25,35,3,0,0,0,0,0,0,0,0,0,0
290,1390,阿武隈改,あぶくま,Abukuma Kai,3,20,75,200,42,59,29,59,20,59,24,79,15,59,,12,59,10,2,3,1,1,1,0,0,75,2,2,10,0,1,1,1,2,6,550,400,25,35,3,0,0,0,0,0,0,0,0,0,0
291,1391,千歳航改,ちとせ,Chitose-Kou Kai,7,15,50,296,57,79,32,64,0,34,0,0,27,69,,12,59,10,1,4,24,16,8,8,0,190,5,10,24,7,0,0,3,3,5,430,370,45,40,3,0,0,0,0,0,0,0,0,0,0
292,1392,千代田航改,ちよだ,Chiyoda-Kou Kai,7,15,50,297,57,79,32,64,0,34,0,0,27,69,,12,59,10,1,4,24,16,8,8,0,190,5,10,24,7,0,0,3,3,5,430,370,45,40,3,0,0,0,0,0,0,0,0,0,0
293,1393,夕張改,ゆうばり,Yuubari Kai,3,34,0,0,36,49,28,49,23,63,24,79,20,69,,17,69,10,2,4,0,0,0,0,0,82,2,2,7,0,1,1,2,1,6,0,0,25,40,3,0,0,0,0,0,0,0,0,0,0
294,1394,舞風改,まいかぜ,Maikaze Kai,2,30,0,0,32,49,14,49,12,49,28,79,16,49,,12,59,10,1,3,0,0,0,0,0,24,1,2,10,0,1,1,1,1,5,0,0,15,20,3,0,0,0,0,0,0,0,0,0,0
295,1395,衣笠改,きぬがさ,Kinugasa Kai,5,13,55,142,49,65,34,64,36,66,18,59,18,59,,10,59,10,2,4,2,2,2,2,0,60,3,6,15,1,2,1,1,2,5,380,480,35,60,3,0,0,0,0,0,0,0,0,0,0
300,1396,初風改,はつかぜ,Hatsukaze Kai,2,30,0,0,32,49,14,49,12,49,28,79,16,49,,12,59,10,1,3,0,0,0,0,0,24,1,2,10,0,1,1,1,1,5,0,0,15,20,3,0,0,0,0,0,0,0,0,0,0
301,1397,秋雲改,あきぐも,Akigumo Kai,2,30,0,0,32,49,14,49,8,44,28,79,22,59,,15,59,10,1,3,0,0,0,0,0,24,1,2,10,0,1,1,1,1,5,0,0,15,20,3,0,0,0,0,0,0,0,0,0,0
302,1398,夕雲改,ゆうぐも,Yuugumo Kai,2,38,0,0,32,49,14,49,12,50,28,80,16,50,,12,59,10,1,3,0,0,0,0,0,24,1,2,10,0,1,1,1,1,5,0,0,15,20,3,0,0,0,0,0,0,0,0,0,0
303,1399,巻雲改,まきぐも,Makigumo Kai,2,38,0,0,32,49,14,49,12,50,28,80,16,50,,12,59,10,1,3,0,0,0,0,0,24,1,2,10,0,1,1,1,1,5,0,0,15,20,3,0,0,0,0,0,0,0,0,0,0
304,1400,長波改,ながなみ,Naganami Kai,2,38,0,0,32,49,14,49,12,50,28,80,16,50,,14,59,10,1,3,0,0,0,0,0,24,1,2,10,0,1,1,1,1,5,0,0,15,20,3,0,0,0,0,0,0,0,0,0,0
305,1401,阿賀野改,あがの,Agano Kai,3,41,0,0,45,62,31,69,28,67,24,79,20,73,,10,59,10,2,3,2,2,2,0,0,60,3,5,14,1,2,1,1,2,6,0,0,30,40,7,0,0,0,0,0,0,0,0,0,0
306,1402,能代改,のしろ,Noshiro Kai,3,41,0,0,45,62,31,69,28,68,24,79,20,72,,10,64,10,2,3,2,2,2,0,0,60,3,5,14,1,2,1,1,2,6,0,0,30,40,7,0,0,0,0,0,0,0,0,0,0
307,1403,矢矧改,やはぎ,Yahagi Kai,3,41,0,0,47,63,32,69,28,70,24,79,22,74,,14,69,10,2,3,2,2,2,0,0,60,3,5,14,1,2,1,1,2,8,0,0,30,40,7,0,0,0,0,0,0,0,0,0,0
308,1404,弥生改,やよい,Yayoi Kai,2,28,0,0,24,39,11,39,9,39,18,69,12,39,,12,59,10,1,3,0,0,0,0,0,18,1,1,4,0,1,1,0,0,5,0,0,15,15,1,0,0,0,0,0,0,0,0,0,0
309,1405,卯月改,うづき,Uzuki Kai,2,28,0,0,24,39,12,39,7,34,18,69,18,49,,14,59,10,1,3,0,0,0,0,0,18,1,1,4,0,0,1,0,0,5,0,0,15,15,1,0,0,0,0,0,0,0,0,0,0
310,1406,Z1改,レーベレヒト・マース,Z1 Kai,2,48,70,179,33,59,15,45,11,45,25,70,15,45,,12,49,10,1,3,0,0,0,0,0,24,1,1,6,0,1,1,0,0,6,350,300,20,25,3,0,0,0,0,0,0,0,0,0,0
311,1407,Z3改,マックス・シュルツ,Z3 Kai,2,48,70,180,33,59,15,45,11,45,25,70,15,45,,12,49,10,1,3,0,0,0,0,0,24,1,1,6,0,1,1,0,0,6,350,300,20,25,3,0,0,0,0,0,0,0,0,0,0
312,1408,浜風改,はまかぜ,Hamakaze Kai,2,30,0,0,32,49,14,49,12,48,28,79,22,60,,17,59,10,1,3,0,0,0,0,0,24,1,2,10,0,1,1,1,1,5,0,0,15,20,1,0,0,0,0,0,0,0,0,0,0
313,1409,谷風改,たにかぜ,Tanikaze Kai,2,30,0,0,32,49,14,49,12,48,28,79,16,49,,16,59,10,1,3,0,0,0,0,0,24,1,2,10,0,1,1,1,1,5,0,0,15,20,1,0,0,0,0,0,0,0,0,0,0
314,1410,酒匂改,さかわ,Sakawa Kai,3,41,0,0,46,62,31,69,27,65,23,78,19,73,,30,74,10,2,3,2,2,2,0,0,60,3,5,14,1,2,1,1,2,6,0,0,30,40,7,0,0,0,0,0,0,0,0,0,0
316,1411,天津風改,あまつかぜ,Amatsukaze Kai,2,30,0,0,34,54,14,61,12,49,32,84,23,63,,17,69,10,1,3,0,0,0,0,0,24,1,2,10,0,1,1,1,1,7,0,0,20,20,3,0,0,0,0,0,0,0,0,0,0
317,1412,浦風改,うらかぜ,Urakaze Kai,2,30,0,0,32,49,14,49,12,48,28,79,16,49,,13,59,10,1,3,0,0,0,0,0,24,1,2,10,0,1,1,1,1,5,0,0,15,20,1,0,0,0,0,0,0,0,0,0,0
320,1413,磯風改,いそかぜ,Isokaze Kai,2,30,0,0,33,49,14,49,12,48,28,79,24,64,,18,81,10,1,3,0,0,0,0,0,24,1,2,10,0,1,1,1,1,6,0,0,15,20,3,0,0,0,0,0,0,0,0,0,0
321,1414,大淀改,おおよど,Ooyodo Kai,3,52,0,0,47,64,32,68,32,70,0,49,22,74,,30,79,10,2,4,0,6,6,0,0,80,4,3,14,3,2,0,2,2,7,0,0,35,35,3,0,0,0,0,0,0,0,0,0,0
322,1415,時津風改,ときつかぜ,Tokitsukaze Kai,2,30,0,0,32,49,14,49,12,48,28,79,16,49,,12,59,10,1,3,0,0,0,0,0,24,1,2,10,0,1,1,1,1,6,0,0,15,20,3,0,0,0,0,0,0,0,0,0,0
323,1416,春雨改,はるさめ,Harusame Kai,2,23,0,0,30,49,14,49,12,49,28,79,15,49,,12,59,10,1,3,0,0,0,0,0,22,1,2,10,0,1,1,1,1,5,0,0,15,20,3,0,0,0,0,0,0,0,0,0,0
324,1417,早霜改,はやしも,Hayashimo Kai,2,38,0,0,32,49,14,49,12,50,28,80,16,50,,12,59,10,1,3,0,0,0,0,0,24,1,2,10,0,1,1,1,1,5,0,0,15,20,3,0,0,0,0,0,0,0,0,0,0
325,1418,清霜改,きよしも,Kiyoshimo Kai,2,38,0,0,32,49,14,49,12,50,28,80,16,50,,13,59,10,1,3,0,0,0,0,0,24,1,2,10,0,1,1,1,1,5,0,0,15,20,3,0,0,0,0,0,0,0,0,0,0
327,1419,朝雲改,あさぐも,Akigumo Kai,2,18,0,0,31,49,14,49,12,49,28,79,16,49,,12,59,10,1,3,0,0,0,0,0,22,1,2,10,0,1,1,1,1,5,0,0,15,20,3,0,0,0,0,0,0,0,0,0,0
328,1420,山雲改,やまぐも,Yamagumo Kai,2,18,0,0,31,49,14,48,12,49,28,79,16,49,,11,58,10,1,3,0,0,0,0,0,22,1,2,10,0,1,1,1,1,5,0,0,15,20,3,0,0,0,0,0,0,0,0,0,0
329,1421,野分改,のわき,Nowaki Kai,2,30,0,0,32,49,14,49,12,48,28,79,16,49,,13,59,10,1,3,0,0,0,0,0,24,1,2,10,0,1,1,1,1,6,0,0,15,20,3,0,0,0,0,0,0,0,0,0,0
330,1422,秋月改,あきづき,Akizuki Kai,2,54,0,0,37,57,16,53,24,57,24,54,80,116,,12,69,10,1,3,0,0,0,0,0,30,1,2,13,1,1,1,3,1,7,0,0,20,25,3,0,0,0,0,0,0,0,0,0,0
343,1423,香取改,かとり,Katori Kai,21,56,0,0,40,54,15,39,16,36,14,40,24,48,,12,54,5,2,4,2,2,2,2,0,70,3,2,11,1,1,1,2,1,5,0,0,35,20,3,0,0,0,0,0,0,0,0,0,0
344,1424,朝霜改,あさしも,Asashimo Kai,2,38,0,0,33,49,14,49,12,47,28,78,22,62,,18,68,10,1,3,0,0,0,0,0,24,1,3,10,1,0,1,1,1,5,0,0,15,20,1,0,0,0,0,0,0,0,0,0,0
345,1425,高波改,たかなみ,Takanami Kai,2,38,0,0,32,49,14,49,12,50,28,80,16,50,,10,57,10,1,3,0,0,0,0,0,24,1,2,10,0,1,1,1,1,5,0,0,15,20,3,0,0,0,0,0,0,0,0,0,0
346,1426,照月改,てるづき,Teruzuki Kai,2,54,0,0,37,57,16,52,24,58,25,56,80,114,,11,59,10,1,3,0,0,0,0,0,30,1,2,13,1,1,1,3,1,7,0,0,20,25,3,0,0,0,0,0,0,0,0,0,0
347,1427,Libeccio改,リベッチオ,Libeccio Kai,2,61,0,0,29,46,15,50,11,48,27,72,20,59,,16,69,10,1,3,0,0,0,0,0,23,1,2,10,0,1,1,1,1,7,0,0,15,20,3,0,0,0,0,0,0,0,0,0,0
348,1428,瑞穂改,みずほ,Zuihou Kai,16,62,0,0,42,62,24,48,18,45,15,72,18,44,,10,54,5,1,3,12,12,8,0,0,140,3,3,15,5,1,2,1,2,5,0,0,40,45,3,0,0,0,0,0,0,0,0,0,0
349,1429,風雲改,かざぐも,Kazagumo Kai,2,38,0,0,32,49,14,49,12,50,29,81,17,51,,14,69,10,1,3,0,0,0,0,0,24,1,2,10,0,1,1,1,1,5,0,0,15,20,3,0,0,0,0,0,0,0,0,0,0
350,1430,海風改,うみかぜ,Umikaze Kai,2,23,0,0,30,48,14,49,12,49,28,79,16,50,,13,64,10,1,3,0,0,0,0,0,22,1,2,10,0,1,1,1,1,4,0,0,15,20,3,0,0,0,0,0,0,0,0,0,0
351,1431,江風改,かわかぜ,Kawakaze Kai,2,23,75,469,30,48,14,49,12,49,29,80,15,49,,12,59,10,1,3,0,0,0,0,0,22,1,2,10,0,1,1,1,1,5,300,390,15,20,3,0,0,0,0,0,0,0,0,0,0
352,1432,速吸改,はやすい,Hayasui Kai,22,60,0,0,48,50,6,19,8,36,0,0,20,48,,8,44,5,1,3,6,3,1,0,0,220,8,1,20,1,1,1,2,1,7,0,0,120,20,3,0,0,0,0,0,0,0,0,0,0
353,1433,Graf Zeppelin改,グラーフ・ツェッペリン,Graf Zeppelin Kai,11,63,0,0,78,92,42,80,15,50,0,0,44,80,,7,47,10,2,4,30,13,10,3,0,270,10,17,36,8,2,0,4,4,7,0,0,70,80,3,0,0,0,0,0,0,0,0,0,0
354,1434,嵐改,あらし,Arashi Kai,2,30,0,0,32,49,14,49,12,49,28,79,16,49,,12,63,10,1,3,0,0,0,0,0,24,1,2,10,0,1,1,1,1,6,0,0,15,20,3,0,0,0,0,0,0,0,0,0,0
355,1435,萩風改,はぎかぜ,Hagikaze Kai,2,30,0,0,32,49,14,49,13,50,28,79,16,49,,12,63,10,1,3,0,0,0,0,0,24,1,2,10,0,1,1,1,1,6,0,0,15,20,3,0,0,0,0,0,0,0,0,0,0
356,1436,鹿島改,かしま,Kashima Kai,21,56,0,0,40,54,15,39,14,37,13,39,22,62,,20,79,5,2,4,2,2,2,2,0,70,3,2,11,1,1,1,2,1,5,0,0,35,20,3,0,0,0,0,0,0,0,0,0,0
357,1437,初月改,はつづき,Hatsuzuki Kai,2,54,0,0,37,57,17,54,25,60,24,54,80,110,,8,71,10,1,3,0,0,0,0,0,30,1,2,13,1,1,1,3,1,7,0,0,20,25,3,0,0,0,0,0,0,0,0,0,0
358,1438,Zara改,ザラ,Zara Kai,5,64,88,496,56,68,46,78,42,75,0,40,22,72,,12,56,10,3,4,2,2,2,2,0,70,4,6,18,3,4,0,1,2,7,1600,1500,45,65,3,0,0,0,0,0,0,0,0,0,0
359,1439,沖波改,おきなみ,Okinami Kai,2,38,0,0,32,49,14,49,12,50,29,81,16,50,,12,59,10,1,3,0,0,0,0,0,24,1,2,10,0,1,1,1,1,5,0,0,15,20,3,0,0,0,0,0,0,0,0,0,0
360,1440,Iowa改,アイオワ,Iowa Kai,8,65,0,0,92,103,89,107,90,115,0,0,82,120,,40,99,10,3,4,4,4,4,4,0,500,32,45,100,40,6,0,3,5,8,0,0,200,275,3,0,0,0,0,0,0,0,0,0,0
361,1441,Pola改,ポーラ,Pola Kai,5,64,0,0,56,68,45,77,41,77,0,44,21,73,,11,57,10,3,4,2,2,2,2,0,70,4,6,18,3,4,0,1,2,7,0,0,45,65,3,0,0,0,0,0,0,0,0,0,0
362,1442,親潮改,おやしお,Oyashio Kai,2,30,0,0,32,49,14,49,13,50,28,78,16,48,,14,64,10,1,3,0,0,0,0,0,24,1,2,10,0,1,1,1,1,6,0,0,15,20,3,0,0,0,0,0,0,0,0,0,0
363,1443,春風改,はるかぜ,Harukaze Kai,2,66,0,0,23,38,11,38,7,38,14,68,10,56,,30,89,10,1,3,0,0,0,0,0,18,1,1,4,0,1,1,0,0,5,0,0,15,15,3,0,0,0,0,0,0,0,0,0,0
364,1444,Warspite改,ウォースパイト,Warspite Kai,9,67,0,0,82,92,78,93,86,106,0,0,48,98,,70,109,5,3,4,3,3,3,3,0,280,19,28,46,12,4,0,2,4,8,0,0,90,110,3,0,0,0,0,0,0,0,0,0,0
365,1445,Aquila改,アクィラ,Aquila Kai,11,68,0,0,48,78,28,57,0,24,0,0,30,72,,7,37,10,1,4,15,26,15,10,0,270,7,9,24,13,1,0,3,3,8,0,0,45,55,3,0,0,0,0,0,0,0,0,0,0
366,1446,水無月改,みなづき,Minazuki Kai,2,28,0,0,24,39,11,39,9,39,18,69,12,39,,16,66,10,1,3,0,0,0,0,0,18,1,1,4,0,1,1,0,0,5,0,0,15,15,3,0,0,0,0,0,0,0,0,0,0
367,1447,伊26改,い26,I-26 Kai,14,39,0,0,18,24,5,19,3,12,39,86,0,0,,16,66,5,1,2,1,1,0,0,0,22,1,2,2,2,0,2,1,0,5,0,0,10,25,3,0,0,0,0,0,0,0,0,0,0
368,1448,浦波改,うらなみ,Uranami Kai,2,12,0,0,30,49,13,49,12,49,28,79,16,54,,17,67,10,1,3,0,0,0,0,0,20,1,2,10,0,1,1,1,1,5,0,0,15,20,3,0,0,0,0,0,0,0,0,0,0
369,1449,山風改,やまかぜ,Yamakaze Kai,2,23,0,0,30,48,14,48,13,51,28,82,15,49,,8,59,10,1,3,0,0,0,0,0,22,1,2,10,0,1,1,1,1,5,0,0,15,20,3,0,0,0,0,0,0,0,0,0,0
370,1450,朝風改,あさかぜ,Asakaze Kai,2,66,0,0,23,38,10,37,8,42,14,69,10,52,,14,88,10,1,3,0,0,0,0,0,18,1,1,4,0,1,1,0,0,5,0,0,15,15,3,0,0,0,0,0,0,0,0,0,0
371,1451,松風改,まつかぜ,Matsukaze Kai,2,66,0,0,23,38,10,37,7,39,14,68,10,50,,12,84,10,1,3,0,0,0,0,0,18,1,1,4,0,1,1,0,0,5,0,0,15,15,3,0,0,0,0,0,0,0,0,0,0
372,1452,Commandant Teste改,コマンダン・テスト,Commandant Teste Kai,16,70,0,0,43,64,26,56,32,58,0,0,20,48,,20,88,5,1,4,12,12,7,7,0,140,3,4,13,6,2,0,1,3,7,0,0,40,50,3,0,0,0,0,0,0,0,0,0,0
373,1453,藤波改,ふじなみ,Fujinami Kai,2,38,0,0,32,49,14,49,12,52,27,79,18,58,,11,57,10,1,3,0,0,0,0,0,24,1,2,10,0,1,1,1,1,5,0,0,15,20,1,0,0,0,0,0,0,0,0,0,0
374,1454,伊13改,い13,I-13 Kai,14,71,0,0,21,36,6,22,5,16,32,72,0,0,,8,48,5,1,3,2,1,0,0,0,200,1,2,4,3,0,2,1,1,7,0,0,25,25,3,0,0,0,0,0,0,0,0,0,0
375,1455,伊14改,い14,I-14 Kai,14,71,0,0,22,37,6,23,4,12,32,68,0,0,,24,77,5,1,3,2,1,0,0,0,200,1,2,4,3,0,2,1,1,7,0,0,25,25,3,0,0,0,0,0,0,0,0,0,0
376,1456,占守改,しむしゅ,Shimushu Kai,1,74,0,0,17,28,7,33,5,35,0,0,11,53,,50,89,5,1,3,0,0,0,0,0,14,1,1,2,0,1,0,1,0,5,0,0,10,10,1,0,0,0,0,0,0,0,0,0,0
377,1457,国後改,くなしり,Kunashiri Kai,1,74,0,0,17,28,7,33,5,36,0,0,10,52,,45,88,5,1,3,0,0,0,0,0,14,1,1,2,0,1,0,1,0,5,0,0,10,10,1,0,0,0,0,0,0,0,0,0,0
380,1460,大鷹改,たいよう,Taiyou Kai,7,76,85,529,47,72,22,52,0,23,0,0,16,42,65,9,54,5,1,4,14,14,5,3,0,160,2,2,16,3,0,0,2,2,6,720,980,30,30,3,0,0,0,0,0,0,0,0,0,0
383,1463,択捉改,えとろふ,Etorofu Kai,1,77,0,0,17,28,7,33,5,37,0,0,12,54,,40,88,5,1,3,0,0,0,0,0,14,1,1,2,0,1,0,1,0,5,0,0,10,10,1,0,0,0,0,0,0,0,0,0,0
398,1498,伊168改,い168,I-168 Kai,13,35,0,0,15,19,5,18,3,11,30,69,0,0,,10,49,5,1,2,0,0,0,0,0,22,1,2,2,1,0,2,0,0,4,0,0,10,20,3,0,0,0,0,0,0,0,0,0,0
399,1499,伊58改,い58,I-58 Kai,14,36,0,0,18,24,5,19,3,12,36,84,0,0,,50,79,5,1,2,1,1,0,0,0,22,1,2,2,2,0,2,1,0,5,0,0,10,25,3,0,0,0,0,0,0,0,0,0,0
400,1500,伊8改,い8,I-8 Kai,14,40,0,0,19,25,5,19,4,14,36,84,0,0,,25,69,5,1,2,1,1,0,0,0,22,1,2,2,2,0,2,1,0,6,0,0,10,25,3,0,0,0,0,0,0,0,0,0,0
401,1501,伊19改,い19,I-19 Kai,14,39,0,0,18,24,5,19,3,12,42,89,0,0,,13,59,5,1,2,1,1,0,0,0,22,1,2,2,2,0,2,1,0,5,0,0,10,25,3,0,0,0,0,0,0,0,0,0,0
402,1502,まるゆ改,まるゆ,Maruyu Kai,13,46,0,0,7,13,2,11,1,5,0,19,0,0,,7,77,5,1,1,0,0,0,0,0,17,1,0,1,0,0,1,0,1,6,0,0,10,10,3,0,0,0,0,0,0,0,0,0,0
403,1503,伊401改,い401,I-401 Kai,14,44,0,0,24,39,7,24,6,19,40,80,0,0,,20,59,5,1,2,3,3,0,0,0,200,1,2,4,3,0,2,1,1,7,0,0,25,30,3,0,0,0,0,0,0,0,0,0,0
334,1504,U-511改,ゆー511・ろ500,U-511 Kai,13,57,55,436,13,18,6,20,3,12,27,64,0,0,,34,67,5,1,2,0,0,0,0,0,22,1,2,2,1,1,2,0,0,6,170,270,10,20,1,0,0,0,0,0,0,0,0,0,0
1501,,駆逐イ級,-,Destroyer I-Class,2,1,0,0,20,20,5,5,5,5,15,15,6,6,25,1,1,10,1,2,0,0,0,0,0,0,0,0,0,0,0,0,0,0,0,0,0,0,0,0,0,14,0,3,0,0,0,0,0,0
1502,,駆逐ロ級,-,Destroyer Ro-Class,2,1,0,0,22,22,6,6,7,7,16,16,7,7,25,1,1,10,1,2,0,0,0,0,0,0,0,0,0,0,0,0,0,0,0,0,0,0,0,0,0,15,0,3,0,0,0,0,0,0
1503,,駆逐ハ級,-,Destroyer Ha-Class,2,1,0,0,24,24,7,7,6,6,16,16,6,6,30,1,1,10,1,2,0,0,0,0,0,0,0,0,0,0,0,0,0,0,0,0,0,0,0,0,0,16,0,4,0,0,0,0,0,0
1504,,駆逐ニ級,-,Destroyer Ni-Class,2,1,0,0,,,,,,,,,,,,,,10,,2,,,,,,,,,,,,,,,,,,,,,,,,,,,,,,
1505,,軽巡ホ級,-,Light Cruiser Ho-Class,3,1,0,0,33,33,15,15,14,14,24,24,10,10,30,1,1,10,2,2,1,1,0,0,0,0,0,0,0,0,0,0,0,0,0,0,0,0,0,0,0,15,0,6,0,0,0,0,0,0
1506,,軽巡ヘ級,-,Light Cruiser He-Class,3,1,,,,,,,,,,,,,,,,10,,2,,,,,,,,,,,,,,,,,,,,,,,,,,,,,,
1507,,軽巡ト級,-,Light Cruiser To-Class,3,1,,,,,,,,,,,,,,,,10,,3,,,,,,,,,,,,,,,,,,,,,,,,,,,,,,
1508,,雷巡チ級,-,Torpedo Cruiser Chi-Class,4,1,,,,,,,,,,,,,,,,10,,3,,,,,,,,,,,,,,,,,,,,,,,,,,,,,,
1509,,重巡リ級,-,Heavy Cruiser Ri-Class,5,1,,,,,,,,,,,,,,,,10,,3,,,,,,,,,,,,,,,,,,,,,,,,,,,,,,
1510,,軽母ヌ級,-,Light Carrier Nu-Class,7,1,,,,,,,,,,,,,,,,5,,3,,,,,,,,,,,,,,,,,,,,,,,,,,,,,,
1511,,戦艦ル級,-,Battleship Ru-Class,9,1,,,,,,,,,,,,,,,,5,,3,,,,,,,,,,,,,,,,,,,,,,,,,,,,,,
1512,,空母ヲ級,-,Standard Carrier Wo-Class,11,1,,,,,,,,,,,,,,,,10,,3,,,,,,,,,,,,,,,,,,,,,,,,,,,,,,
1513,,輸送ワ級,-,Transport Ship Wa-Class,15,1,,,,,,,,,,,,,,,,5,,0,,,,,,,,,,,,,,,,,,,,,,,,,,,,,,
1514,,駆逐イ級,elite,Destroyer I-Class Elite,2,1,,,,,,,,,,,,,,,,10,,2,,,,,,,,,,,,,,,,,,,,,,,,,,,,,,
1515,,駆逐ロ級,elite,Destroyer Ro-Class Elite,2,1,,,,,,,,,,,,,,,,10,,2,,,,,,,,,,,,,,,,,,,,,,,,,,,,,,
1516,,駆逐ハ級,elite,Destroyer Ha-Class Elite,2,1,,,,,,,,,,,,,,,,10,,2,,,,,,,,,,,,,,,,,,,,,,,,,,,,,,
1517,,駆逐ニ級,elite,Destroyer Ni-Class Elite,2,1,,,,,,,,,,,,,,,,10,,2,,,,,,,,,,,,,,,,,,,,,,,,,,,,,,
1518,,軽巡ホ級,elite,Light Cruiser Ho-Class Elite,3,1,,,,,,,,,,,,,,,,10,,2,,,,,,,,,,,,,,,,,,,,,,,,,,,,,,
1519,,軽巡ヘ級,elite,Light Cruiser He-Class Elite,3,1,,,,,,,,,,,,,,,,10,,2,,,,,,,,,,,,,,,,,,,,,,,,,,,,,,
1520,,軽巡ト級,elite,Light Cruiser To-Class Elite,3,1,,,,,,,,,,,,,,,,10,,3,,,,,,,,,,,,,,,,,,,,,,,,,,,,,,
1521,,雷巡チ級,elite,Torpedo Cruiser Chi-Class Elite,4,1,,,,,,,,,,,,,,,,10,,3,,,,,,,,,,,,,,,,,,,,,,,,,,,,,,
1522,,重巡リ級,elite,Battleship Ri-Class Elite,5,1,,,,,,,,,,,,,,,,10,,4,,,,,,,,,,,,,,,,,,,,,,,,,,,,,,
1523,,軽母ヌ級,elite,Light Carrier Nu-Class Elite,7,1,,,,,,,,,,,,,,,,5,,3,,,,,,,,,,,,,,,,,,,,,,,,,,,,,,
1524,,戦艦ル級,elite,Battleship Ru-Class Elite,9,1,,,,,,,,,,,,,,,,5,,4,,,,,,,,,,,,,,,,,,,,,,,,,,,,,,
1525,,空母ヲ級,elite,Standard Carrier Wo-Class Elite,11,1,,,,,,,,,,,,,,,,10,,3,,,,,,,,,,,,,,,,,,,,,,,,,,,,,,
1526,,輸送ワ級,elite,Transport Ship Wa-Class Elite,15,1,,,,,,,,,,,,,,,,5,,3,,,,,,,,,,,,,,,,,,,,,,,,,,,,,,
1527,,重巡リ級,flagship,Heavy Cruiser Ri-Class Flagship,5,1,,,,,,,,,,,,,,,,10,,4,,,,,,,,,,,,,,,,,,,,,,,,,,,,,,
1528,,空母ヲ級,flagship,Standard Carrier Wo-Class Flagship,11,1,,,,,,,,,,,,,,,,10,,3,,,,,,,,,,,,,,,,,,,,,,,,,,,,,,
1529,,戦艦ル級,flagship,Battleship Ru-Class Flagship,9,1,,,,,,,,,,,,,,,,5,,4,,,,,,,,,,,,,,,,,,,,,,,,,,,,,,
1530,,潜水カ級,,Submarine Ka-Class,13,1,,,,,,,,,,,,,,,,5,,2,,,,,,,,,,,,,,,,,,,,,,,,,,,,,,
1531,,潜水ヨ級,,Submarine Yo-Class,13,1,,,,,,,,,,,,,,,,5,,2,,,,,,,,,,,,,,,,,,,,,,,,,,,,,,
1532,,潜水カ級,elite,Submarine Ka-Class Elite,13,1,,,,,,,,,,,,,,,,5,,3,,,,,,,,,,,,,,,,,,,,,,,,,,,,,,
1533,,潜水ヨ級,elite,Submarine Yo-Class Elite,13,1,,,,,,,,,,,,,,,,5,,3,,,,,,,,,,,,,,,,,,,,,,,,,,,,,,
1534,,潜水カ級,flagship,Submarine Ka-Class Flagship,13,1,,,,,,,,,,,,,,,,5,,3,,,,,,,,,,,,,,,,,,,,,,,,,,,,,,
1535,,潜水ヨ級,flagship,Submarine Yo-Class Flagship,13,1,,,,,,,,,,,,,,,,5,,3,,,,,,,,,,,,,,,,,,,,,,,,,,,,,,
1536,,浮遊要塞,,Floating Fortress,10,1,,,,,,,,,,,,,,,,10,,3,,,,,,,,,,,,,,,,,,,,,,,,,,,,,,
1537,,浮遊要塞,,Floating Fortress,10,1,,,,,,,,,,,,,,,,10,,3,,,,,,,,,,,,,,,,,,,,,,,,,,,,,,
1538,,浮遊要塞,,Floating Fortress,10,1,,,,,,,,,,,,,,,,10,,3,,,,,,,,,,,,,,,,,,,,,,,,,,,,,,
1539,,泊地棲鬼,,Anchorage Demon,10,1,,,,,,,,,,,,,,,,5,,3,,,,,,,,,,,,,,,,,,,,,,,,,,,,,,
1540,,泊地棲姫,,Anchorage Princess,10,1,,,,,,,,,,,,,,,,5,,3,,,,,,,,,,,,,,,,,,,,,,,,,,,,,,
1541,,戦艦タ級,,Battleship Ta-Class,8,1,,,,,,,,,,,,,,,,10,,4,,,,,,,,,,,,,,,,,,,,,,,,,,,,,,
1542,,戦艦タ級,elite,Battleship Ta-Class Elite,8,1,,,,,,,,,,,,,,,,10,,4,,,,,,,,,,,,,,,,,,,,,,,,,,,,,,
1543,,戦艦タ級,flagship,Battleship Ta-Class Flagship,8,1,,,,,,,,,,,,,,,,10,,4,,,,,,,,,,,,,,,,,,,,,,,,,,,,,,
1544,,装甲空母鬼,,Armored Carrier Demon,10,1,,,,,,,,,,,,,,,,10,,3,,,,,,,,,,,,,,,,,,,,,,,,,,,,,,
1545,,装甲空母姫,,Armored Carrier Princess,10,1,,,,,,,,,,,,,,,,10,,3,,,,,,,,,,,,,,,,,,,,,,,,,,,,,,
1546,,南方棲鬼,,Southern Demon,10,1,,,,,,,,,,,,,,,,5,,3,,,,,,,,,,,,,,,,,,,,,,,,,,,,,,
1547,,南方棲戦鬼,,Southern War Demon,10,1,,,,,,,,,,,,,,,,5,,3,,,,,,,,,,,,,,,,,,,,,,,,,,,,,,
1548,,南方棲戦姫,,Southern War Princess,10,1,,,,,,,,,,,,,,,,5,,3,,,,,,,,,,,,,,,,,,,,,,,,,,,,,,
1549,,護衛要塞,,Escort Fortress,10,1,,,,,,,,,,,,,,,,10,,3,,,,,,,,,,,,,,,,,,,,,,,,,,,,,,
1550,,護衛要塞,,Escort Fortress,10,1,,,,,,,,,,,,,,,,10,,3,,,,,,,,,,,,,,,,,,,,,,,,,,,,,,
1551,,護衛要塞,,Escort Fortress,10,1,,,,,,,,,,,,,,,,10,,3,,,,,,,,,,,,,,,,,,,,,,,,,,,,,,
1552,,駆逐ロ級,flagship,Destroyer Ro-Class Flagship,2,1,,,,,,,,,,,,,,,,10,,3,,,,,,,,,,,,,,,,,,,,,,,,,,,,,,
1553,,駆逐ハ級,flagship,Destroyer Ha-Class Flagship,2,1,,,,,,,,,,,,,,,,10,,3,,,,,,,,,,,,,,,,,,,,,,,,,,,,,,
1554,,軽巡ホ級,flagship,Light Cruiser Ho-Class Flagship,3,1,,,,,,,,,,,,,,,,10,,3,,,,,,,,,,,,,,,,,,,,,,,,,,,,,,
1555,,軽巡ヘ級,flagship,Light Cruiser He-Class Flagship,3,1,,,,,,,,,,,,,,,,10,,4,,,,,,,,,,,,,,,,,,,,,,,,,,,,,,
1556,,飛行場姫,,Airfield Princess,10,1,,,,,,,,,,,,,,,,0,,4,,,,,,,,,,,,,,,,,,,,,,,,,,,,,,
1557,,戦艦棲姫,,Battleship Princess,9,1,,,,,,,,,,,,,,,,5,,4,,,,,,,,,,,,,,,,,,,,,,,,,,,,,,
1558,,輸送ワ級,flagship,Transport Ship Wa-Class Flagship,15,1,,,,,,,,,,,,,,,,5,,3,,,,,,,,,,,,,,,,,,,,,,,,,,,,,,
1559,,雷巡チ級,flagship,Torpedo Cruiser Chi-Class Flagship,4,1,,,,,,,,,,,,,,,,10,,3,,,,,,,,,,,,,,,,,,,,,,,,,,,,,,
1560,,軽母ヌ級,flagship,Light Carrier Nu-Class Flagship,7,1,,,,,,,,,,,,,,,,5,,4,,,,,,,,,,,,,,,,,,,,,,,,,,,,,,
1561,,戦艦レ級,,Battleship Re-Class,10,1,,,,,,,,,,,,,,,,10,,4,,,,,,,,,,,,,,,,,,,,,,,,,,,,,,
1562,,戦艦レ級,elite,Battleship Re-Class Elite,10,1,,,,,,,,,,,,,,,,10,,4,,,,,,,,,,,,,,,,,,,,,,,,,,,,,,
1564,,駆逐イ級,flagship,Destroyer I-Class Flagship,2,1,,,,,,,,,,,,,,,,10,,3,,,,,,,,,,,,,,,,,,,,,,,,,,,,,,
1565,,空母ヲ級改,flagship,Standard Carrier Wo-Class Kai Flagship,11,1,,,,,,,,,,,,,,,,10,,4,,,,,,,,,,,,,,,,,,,,,,,,,,,,,,
1566,,重巡リ級改,flagship,Heavy Cruiser Ri-Class Kai Flagship,5,1,,,,,,,,,,,,,,,,10,,4,,,,,,,,,,,,,,,,,,,,,,,,,,,,,,
1567,,戦艦ル級改,flagship,Battleship Ru-Class Kai Flagship,9,1,,,,,,,,,,,,,,,,5,,4,,,,,,,,,,,,,,,,,,,,,,,,,,,,,,
1570,,潜水ソ級,,Submarine So-Class,13,1,,,,,,,,,,,,,,,,5,,2,,,,,,,,,,,,,,,,,,,,,,,,,,,,,,
1571,,潜水ソ級,elite,Submarine So-Class Elite,13,1,,,,,,,,,,,,,,,,5,,3,,,,,,,,,,,,,,,,,,,,,,,,,,,,,,
1572,,潜水ソ級,flagship,Submarine So-Class Flagship,13,1,,,,,,,,,,,,,,,,5,,3,,,,,,,,,,,,,,,,,,,,,,,,,,,,,,
1573,,港湾棲姫,,Harbor Princess,10,1,,,,,,,,,,,,,,,,0,,4,,,,,,,,,,,,,,,,,,,,,,,,,,,,,,
1574,,離島棲鬼,,Isolated Island Demon,10,1,,,,,,,,,,,,,,,,0,,4,,,,,,,,,,,,,,,,,,,,,,,,,,,,,,
1575,,駆逐イ級後期型,,Destroyer I-Class Late Model,2,1,,,,,,,,,,,,,,,,10,,3,,,,,,,,,,,,,,,,,,,,,,,,,,,,,,
1576,,駆逐ロ級後期型,,Destroyer Ro-Class Late Model,2,1,,,,,,,,,,,,,,,,10,,3,,,,,,,,,,,,,,,,,,,,,,,,,,,,,,
1577,,駆逐ハ級後期型,,Destroyer Ha-Class Late Model,2,1,,,,,,,,,,,,,,,,10,,3,,,,,,,,,,,,,,,,,,,,,,,,,,,,,,
1578,,駆逐ニ級後期型,,Destroyer Ni-Class Late Model,2,1,,,,,,,,,,,,,,,,10,,3,,,,,,,,,,,,,,,,,,,,,,,,,,,,,,
1579,,空母ヲ級,flagship,Standard Carrier Wo-Class Flagship,11,1,,,,,,,,,,,,,,,,10,,3,,,,,,,,,,,,,,,,,,,,,,,,,,,,,,
1581,,北方棲姫,,Northern Princess,10,1,,,,,,,,,,,,,,,,0,,4,,,,,,,,,,,,,,,,,,,,,,,,,,,,,,
1582,,北方棲姫,,Northern Princess,10,1,,,,,,,,,,,,,,,,0,,4,,,,,,,,,,,,,,,,,,,,,,,,,,,,,,
1583,,中間棲姫,,Midway Princess,10,1,,,,,,,,,,,,,,,,0,,5,,,,,,,,,,,,,,,,,,,,,,,,,,,,,,
1584,,中間棲姫,,Midway Princess,10,1,,,,,,,,,,,,,,,,0,,5,,,,,,,,,,,,,,,,,,,,,,,,,,,,,,
1585,,空母棲鬼,,Aircraft Carrier Demon,11,1,,,,,,,,,,,,,,,,10,,4,,,,,,,,,,,,,,,,,,,,,,,,,,,,,,
1586,,空母棲姫,,Aircraft Carrier Princess,11,1,,,,,,,,,,,,,,,,10,,4,,,,,,,,,,,,,,,,,,,,,,,,,,,,,,
1587,,北方棲姫,,Northern Princess,10,1,,,,,,,,,,,,,,,,0,,4,,,,,,,,,,,,,,,,,,,,,,,,,,,,,,
1588,,北方棲姫,,Northern Princess,10,1,,,,,,,,,,,,,,,,0,,4,,,,,,,,,,,,,,,,,,,,,,,,,,,,,,
1589,,北方棲姫,,Northern Princess,10,1,,,,,,,,,,,,,,,,0,,4,,,,,,,,,,,,,,,,,,,,,,,,,,,,,,
1590,,北方棲姫,,Northern Princess,10,1,,,,,,,,,,,,,,,,0,,4,,,,,,,,,,,,,,,,,,,,,,,,,,,,,,
1591,,軽巡ツ級,,Light Cruiser Tsu-Class,3,1,,,,,,,,,,,,,,,,10,,4,,,,,,,,,,,,,,,,,,,,,,,,,,,,,,
1592,,軽巡ツ級,elite,Light Cruiser Tsu-Class Elite,3,1,,,,,,,,,,,,,,,,10,,4,,,,,,,,,,,,,,,,,,,,,,,,,,,,,,
1594,,重巡ネ級,,Heavy Cruiser Ne-Class,5,1,,,,,,,,,,,,,,,,10,,4,,,,,,,,,,,,,,,,,,,,,,,,,,,,,,
1595,,重巡ネ級,elite,Heavy Cruiser Ne-Class Elite,5,1,,,,,,,,,,,,,,,,10,,4,,,,,,,,,,,,,,,,,,,,,,,,,,,,,,
1597,,駆逐棲姫,,Destroyer Princess,2,1,,,,,,,,,,,,,,,,10,,3,,,,,,,,,,,,,,,,,,,,,,,,,,,,,,
1598,,駆逐棲姫,,Destroyer Princess,2,1,,,,,,,,,,,,,,,,10,,3,,,,,,,,,,,,,,,,,,,,,,,,,,,,,,
1599,,空母水鬼,,Aircraft Carrier Water Demon,11,1,,,,,,,,,,,,,,,,10,,4,,,,,,,,,,,,,,,,,,,,,,,,,,,,,,
1600,,空母水鬼,,Aircraft Carrier Water Demon,11,1,,,,,,,,,,,,,,,,10,,4,,,,,,,,,,,,,,,,,,,,,,,,,,,,,,
1601,,軽巡棲鬼,,Light Cruiser Demon,3,1,,,,,,,,,,,,,,,,10,,4,,,,,,,,,,,,,,,,,,,,,,,,,,,,,,
1602,,軽巡棲鬼,,Light Cruiser Demon,3,1,,,,,,,,,,,,,,,,10,,4,,,,,,,,,,,,,,,,,,,,,,,,,,,,,,
1603,,戦艦水鬼,,Battleship Water Demon,9,1,,,,,,,,,,,,,,,,5,,4,,,,,,,,,,,,,,,,,,,,,,,,,,,,,,
1604,,戦艦水鬼,,Battleship Water Demon,9,1,,,,,,,,,,,,,,,,5,,4,,,,,,,,,,,,,,,,,,,,,,,,,,,,,,
1605,,港湾水鬼,,Harbor Water Demon,10,1,,,,,,,,,,,,,,,,0,,4,,,,,,,,,,,,,,,,,,,,,,,,,,,,,,
1606,,港湾水鬼,,Harbor Water Demon,10,1,,,,,,,,,,,,,,,,0,,4,,,,,,,,,,,,,,,,,,,,,,,,,,,,,,
1607,,港湾水鬼,,Harbor Water Demon,10,1,,,,,,,,,,,,,,,,0,,4,,,,,,,,,,,,,,,,,,,,,,,,,,,,,,
1608,,港湾水鬼,,Harbor Water Demon,10,1,,,,,,,,,,,,,,,,0,,4,,,,,,,,,,,,,,,,,,,,,,,,,,,,,,
1609,,泊地水鬼,,Anchorage Water Demon,10,1,,,,,,,,,,,,,,,,0,,4,,,,,,,,,,,,,,,,,,,,,,,,,,,,,,
1610,,泊地水鬼,,Anchorage Water Demon,10,1,,,,,,,,,,,,,,,,0,,4,,,,,,,,,,,,,,,,,,,,,,,,,,,,,,
1611,,泊地水鬼,,Anchorage Water Demon,10,1,,,,,,,,,,,,,,,,0,,4,,,,,,,,,,,,,,,,,,,,,,,,,,,,,,
1612,,泊地水鬼,,Anchorage Water Demon,10,1,,,,,,,,,,,,,,,,0,,4,,,,,,,,,,,,,,,,,,,,,,,,,,,,,,
1613,,港湾棲姫,,Harbor Princess,10,1,,,,,,,,,,,,,,,,0,,4,,,,,,,,,,,,,,,,,,,,,,,,,,,,,,
1614,,空母ヲ級,flagship,Standard Carrier Wo-Class Flagship,11,1,,,,,,,,,,,,,,,,10,,3,,,,,,,,,,,,,,,,,,,,,,,,,,,,,,
1615,,空母ヲ級,flagship,Standard Carrier Wo-Class Flagship,11,1,,,,,,,,,,,,,,,,10,,3,,,,,,,,,,,,,,,,,,,,,,,,,,,,,,
1616,,空母ヲ級改,flagship,Standard Carrier Wo-Class Kai Flagship,11,1,,,,,,,,,,,,,,,,10,,3,,,,,,,,,,,,,,,,,,,,,,,,,,,,,,
1617,,空母ヲ級改,flagship,Standard Carrier Wo-Class Kai Flagship,11,1,,,,,,,,,,,,,,,,10,,3,,,,,,,,,,,,,,,,,,,,,,,,,,,,,,
1618,,空母ヲ級改,flagship,Standard Carrier Wo-Class Kai Flagship,11,1,,,,,,,,,,,,,,,,10,,3,,,,,,,,,,,,,,,,,,,,,,,,,,,,,,
1619,,空母棲鬼,,Aircraft Carrier Demon,11,1,,,,,,,,,,,,,,,,10,,4,,,,,,,,,,,,,,,,,,,,,,,,,,,,,,
1620,,空母棲姫,,Aircraft Carrier Princess,11,1,,,,,,,,,,,,,,,,10,,4,,,,,,,,,,,,,,,,,,,,,,,,,,,,,,
1621,,駆逐イ級後期型,elite,Destroyer I-Class Late Model Elite,2,1,,,,,,,,,,,,,,,,10,,3,,,,,,,,,,,,,,,,,,,,,,,,,,,,,,
1622,,駆逐ロ級後期型,elite,Destroyer Ro-Class Late Model Elite,2,1,,,,,,,,,,,,,,,,10,,3,,,,,,,,,,,,,,,,,,,,,,,,,,,,,,
1623,,駆逐ハ級後期型,elite,Destroyer Ha-Class Late Model Elite,2,1,,,,,,,,,,,,,,,,10,,3,,,,,,,,,,,,,,,,,,,,,,,,,,,,,,
1624,,駆逐ニ級後期型,elite,Destroyer Ni-Class Late Model Elite,2,1,,,,,,,,,,,,,,,,10,,3,,,,,,,,,,,,,,,,,,,,,,,,,,,,,,
1625,,水母棲姫,,Seaplane Tender Princess,16,1,,,,,,,,,,,,,,,,5,,4,,,,,,,,,,,,,,,,,,,,,,,,,,,,,,
1626,,水母棲姫,,Seaplane Tender Princess,16,1,,,,,,,,,,,,,,,,5,,4,,,,,,,,,,,,,,,,,,,,,,,,,,,,,,
1627,,水母棲姫,,Seaplane Tender Princess,16,1,,,,,,,,,,,,,,,,5,,4,,,,,,,,,,,,,,,,,,,,,,,,,,,,,,
1628,,防空棲姫,,Air Defense Princess,2,1,,,,,,,,,,,,,,,,10,,3,,,,,,,,,,,,,,,,,,,,,,,,,,,,,,
1629,,防空棲姫,,Air Defense Princess,2,1,,,,,,,,,,,,,,,,10,,3,,,,,,,,,,,,,,,,,,,,,,,,,,,,,,
1630,,防空棲姫,,Air Defense Princess,2,1,,,,,,,,,,,,,,,,10,,3,,,,,,,,,,,,,,,,,,,,,,,,,,,,,,
1631,,飛行場姫,,Airfield Princess,10,1,,,,,,,,,,,,,,,,0,,4,,,,,,,,,,,,,,,,,,,,,,,,,,,,,,
1632,,飛行場姫,,Airfield Princess,10,1,,,,,,,,,,,,,,,,0,,4,,,,,,,,,,,,,,,,,,,,,,,,,,,,,,
1633,,飛行場姫,,Airfield Princess,10,1,,,,,,,,,,,,,,,,0,,4,,,,,,,,,,,,,,,,,,,,,,,,,,,,,,
1634,,離島棲鬼,,Isolated Island Demon,10,1,,,,,,,,,,,,,,,,0,,4,,,,,,,,,,,,,,,,,,,,,,,,,,,,,,
1635,,離島棲鬼,,Isolated Island Demon,10,1,,,,,,,,,,,,,,,,0,,4,,,,,,,,,,,,,,,,,,,,,,,,,,,,,,
1636,,離島棲鬼,,Isolated Island Demon,10,1,,,,,,,,,,,,,,,,0,,4,,,,,,,,,,,,,,,,,,,,,,,,,,,,,,
1637,,PT小鬼群,,PT Imp Pack,2,1,,,,,,,,,,,,,,,,10,,2,,,,,,,,,,,,,,,,,,,,,,,,,,,,,,
1638,,PT小鬼群,,PT Imp Pack,2,1,,,,,,,,,,,,,,,,10,,2,,,,,,,,,,,,,,,,,,,,,,,,,,,,,,
1639,,PT小鬼群,,PT Imp Pack,2,1,,,,,,,,,,,,,,,,10,,2,,,,,,,,,,,,,,,,,,,,,,,,,,,,,,
1640,,PT小鬼群,,PT Imp Pack,2,1,,,,,,,,,,,,,,,,10,,2,,,,,,,,,,,,,,,,,,,,,,,,,,,,,,
1641,,軽巡棲姫,,Light Cruiser Princess,3,1,,,,,,,,,,,,,,,,10,,4,,,,,,,,,,,,,,,,,,,,,,,,,,,,,,
1642,,軽巡棲姫,,Light Cruiser Princess,3,1,,,,,,,,,,,,,,,,10,,4,,,,,,,,,,,,,,,,,,,,,,,,,,,,,,
1643,,軽巡棲姫,,Light Cruiser Princess,3,1,,,,,,,,,,,,,,,,10,,4,,,,,,,,,,,,,,,,,,,,,,,,,,,,,,
1644,,潜水棲姫,,Submarine Princess,13,1,,,,,,,,,,,,,,,,5,,3,,,,,,,,,,,,,,,,,,,,,,,,,,,,,,
1645,,潜水棲姫,,Submarine Princess,13,1,,,,,,,,,,,,,,,,5,,3,,,,,,,,,,,,,,,,,,,,,,,,,,,,,,
1646,,潜水棲姫,,Submarine Princess,13,1,,,,,,,,,,,,,,,,5,,3,,,,,,,,,,,,,,,,,,,,,,,,,,,,,,
1647,,駆逐水鬼,,Destroyer Water Demon,2,1,,,,,,,,,,,,,,,,10,,4,,,,,,,,,,,,,,,,,,,,,,,,,,,,,,
1648,,駆逐水鬼,,Destroyer Water Demon,2,1,,,,,,,,,,,,,,,,10,,4,,,,,,,,,,,,,,,,,,,,,,,,,,,,,,
1649,,駆逐水鬼,,Destroyer Water Demon,2,1,,,,,,,,,,,,,,,,10,,4,,,,,,,,,,,,,,,,,,,,,,,,,,,,,,
1650,,飛行場姫,,Airfield Princess,10,1,,,,,,,,,,,,,,,,0,,4,,,,,,,,,,,,,,,,,,,,,,,,,,,,,,
1651,,飛行場姫,,Airfield Princess,10,1,,,,,,,,,,,,,,,,0,,4,,,,,,,,,,,,,,,,,,,,,,,,,,,,,,
1652,,飛行場姫,,Airfield Princess,10,1,,,,,,,,,,,,,,,,0,,4,,,,,,,,,,,,,,,,,,,,,,,,,,,,,,
1653,,集積地棲姫,,Supply Depot Princess,10,1,,,,,,,,,,,,,,,,0,,4,,,,,,,,,,,,,,,,,,,,,,,,,,,,,,
1654,,集積地棲姫,,Supply Depot Princess,10,1,,,,,,,,,,,,,,,,0,,4,,,,,,,,,,,,,,,,,,,,,,,,,,,,,,
1655,,集積地棲姫,,Supply Depot Princess,10,1,,,,,,,,,,,,,,,,0,,4,,,,,,,,,,,,,,,,,,,,,,,,,,,,,,
1656,,集積地棲姫-壊,,Supply Depot Princess - Damaged,10,1,,,,,,,,,,,,,,,,0,,4,,,,,,,,,,,,,,,,,,,,,,,,,,,,,,
1657,,集積地棲姫-壊,,Supply Depot Princess - Damaged,10,1,,,,,,,,,,,,,,,,0,,4,,,,,,,,,,,,,,,,,,,,,,,,,,,,,,
1658,,集積地棲姫-壊,,Supply Depot Princess - Damaged,10,1,,,,,,,,,,,,,,,,0,,4,,,,,,,,,,,,,,,,,,,,,,,,,,,,,,
1659,,重巡棲姫,,Heavy Cruiser Princess,5,1,,,,,,,,,,,,,,,,10,,4,,,,,,,,,,,,,,,,,,,,,,,,,,,,,,
1660,,重巡棲姫,,Heavy Cruiser Princess,5,1,,,,,,,,,,,,,,,,10,,4,,,,,,,,,,,,,,,,,,,,,,,,,,,,,,
1661,,重巡棲姫,,Heavy Cruiser Princess,5,1,,,,,,,,,,,,,,,,10,,4,,,,,,,,,,,,,,,,,,,,,,,,,,,,,,
1662,,重巡棲姫,,Heavy Cruiser Princess,5,1,,,,,,,,,,,,,,,,10,,4,,,,,,,,,,,,,,,,,,,,,,,,,,,,,,
1663,,重巡棲姫,,Heavy Cruiser Princess,5,1,,,,,,,,,,,,,,,,10,,4,,,,,,,,,,,,,,,,,,,,,,,,,,,,,,
1664,,重巡棲姫,,Heavy Cruiser Princess,5,1,,,,,,,,,,,,,,,,10,,4,,,,,,,,,,,,,,,,,,,,,,,,,,,,,,
1665,,砲台小鬼,,Artillery Imp,9,1,,,,,,,,,,,,,,,,0,,4,,,,,,,,,,,,,,,,,,,,,,,,,,,,,,
1666,,砲台小鬼,,Artillery Imp,9,1,,,,,,,,,,,,,,,,0,,4,,,,,,,,,,,,,,,,,,,,,,,,,,,,,,
1667,,砲台小鬼,,Artillery Imp,9,1,,,,,,,,,,,,,,,,0,,4,,,,,,,,,,,,,,,,,,,,,,,,,,,,,,
1668,,離島棲姫,,Isolated Island Princess,11,1,,,,,,,,,,,,,,,,0,,4,,,,,,,,,,,,,,,,,,,,,,,,,,,,,,
1669,,離島棲姫,,Isolated Island Princess,11,1,,,,,,,,,,,,,,,,0,,4,,,,,,,,,,,,,,,,,,,,,,,,,,,,,,
1670,,離島棲姫,,Isolated Island Princess,11,1,,,,,,,,,,,,,,,,0,,4,,,,,,,,,,,,,,,,,,,,,,,,,,,,,,
1671,,離島棲姫,,Isolated Island Princess,10,1,,,,,,,,,,,,,,,,0,,4,,,,,,,,,,,,,,,,,,,,,,,,,,,,,,
1672,,離島棲姫,,Isolated Island Princess,9,1,,,,,,,,,,,,,,,,0,,4,,,,,,,,,,,,,,,,,,,,,,,,,,,,,,
1673,,駆逐古鬼,,Destroyer Ancient Demon,2,1,,,,,,,,,,,,,,,,10,,4,,,,,,,,,,,,,,,,,,,,,,,,,,,,,,
1674,,駆逐古鬼,,Destroyer Ancient Demon,2,1,,,,,,,,,,,,,,,,10,,4,,,,,,,,,,,,,,,,,,,,,,,,,,,,,,
1675,,駆逐古鬼,,Destroyer Ancient Demon,2,1,,,,,,,,,,,,,,,,10,,4,,,,,,,,,,,,,,,,,,,,,,,,,,,,,,
1676,,駆逐水鬼,,Destroyer Water Demon,2,1,,,,,,,,,,,,,,,,10,,4,,,,,,,,,,,,,,,,,,,,,,,,,,,,,,
1677,,駆逐水鬼,,Destroyer Water Demon,2,1,,,,,,,,,,,,,,,,10,,4,,,,,,,,,,,,,,,,,,,,,,,,,,,,,,
1678,,駆逐水鬼,,Destroyer Water Demon,2,1,,,,,,,,,,,,,,,,10,,4,,,,,,,,,,,,,,,,,,,,,,,,,,,,,,
1679,,リコリス棲姫,,Lycoris Princess,11,1,,,,,,,,,,,,,,,,0,,4,,,,,,,,,,,,,,,,,,,,,,,,,,,,,,
1680,,リコリス棲姫,,Lycoris Princess,11,1,,,,,,,,,,,,,,,,0,,4,,,,,,,,,,,,,,,,,,,,,,,,,,,,,,
1681,,リコリス棲姫,,Lycoris Princess,11,1,,,,,,,,,,,,,,,,0,,4,,,,,,,,,,,,,,,,,,,,,,,,,,,,,,
1682,,リコリス棲姫,,Lycoris Princess,11,1,,,,,,,,,,,,,,,,0,,4,,,,,,,,,,,,,,,,,,,,,,,,,,,,,,
1683,,リコリス棲姫,,Lycoris Princess,11,1,,,,,,,,,,,,,,,,0,,4,,,,,,,,,,,,,,,,,,,,,,,,,,,,,,
1684,,中枢棲姫,,Central Princess,9,1,,,,,,,,,,,,,,,,0,,4,,,,,,,,,,,,,,,,,,,,,,,,,,,,,,
1685,,中枢棲姫,,Central Princess,9,1,,,,,,,,,,,,,,,,0,,4,,,,,,,,,,,,,,,,,,,,,,,,,,,,,,
1686,,中枢棲姫,,Central Princess,9,1,,,,,,,,,,,,,,,,0,,4,,,,,,,,,,,,,,,,,,,,,,,,,,,,,,
1687,,中枢棲姫-壊,,Central Princess - Damaged,9,1,,,,,,,,,,,,,,,,0,,4,,,,,,,,,,,,,,,,,,,,,,,,,,,,,,
1688,,中枢棲姫-壊,,Central Princess - Damaged,9,1,,,,,,,,,,,,,,,,0,,4,,,,,,,,,,,,,,,,,,,,,,,,,,,,,,
1689,,中枢棲姫-壊,,Central Princess - Damaged,9,1,,,,,,,,,,,,,,,,0,,4,,,,,,,,,,,,,,,,,,,,,,,,,,,,,,
1690,,駆逐古姫,,Destroyer Ancient Princess,2,1,,,,,,,,,,,,,,,,10,,4,,,,,,,,,,,,,,,,,,,,,,,,,,,,,,
1691,,駆逐古姫,,Destroyer Ancient Princess,2,1,,,,,,,,,,,,,,,,10,,4,,,,,,,,,,,,,,,,,,,,,,,,,,,,,,
1692,,駆逐古姫,,Destroyer Ancient Princess,2,1,,,,,,,,,,,,,,,,10,,4,,,,,,,,,,,,,,,,,,,,,,,,,,,,,,
1693,,潜水夏姫,flagship,Summer Submarine Princess Flagship,13,1,,,,,,,,,,,,,,,,5,,3,,,,,,,,,,,,,,,,,,,,,,,,,,,,,,
1694,,潜水夏姫,flagship,Summer Submarine Princess Flagship,13,1,,,,,,,,,,,,,,,,5,,3,,,,,,,,,,,,,,,,,,,,,,,,,,,,,,
1695,,潜水夏姫,flagship,Summer Submarine Princess Flagship,13,1,,,,,,,,,,,,,,,,5,,3,,,,,,,,,,,,,,,,,,,,,,,,,,,,,,
1696,,戦艦夏姫,,Summer Battleship Princess,9,1,,,,,,,,,,,,,,,,5,,4,,,,,,,,,,,,,,,,,,,,,,,,,,,,,,
1697,,戦艦夏姫,,Summer Battleship Princess,9,1,,,,,,,,,,,,,,,,5,,4,,,,,,,,,,,,,,,,,,,,,,,,,,,,,,
1698,,戦艦夏姫,,Summer Battleship Princess,9,1,,,,,,,,,,,,,,,,5,,4,,,,,,,,,,,,,,,,,,,,,,,,,,,,,,
1699,,港湾夏姫,,Summer Harbor Princess,10,1,,,,,,,,,,,,,,,,0,,4,,,,,,,,,,,,,,,,,,,,,,,,,,,,,,
1700,,港湾夏姫,,Summer Harbor Princess,10,1,,,,,,,,,,,,,,,,0,,4,,,,,,,,,,,,,,,,,,,,,,,,,,,,,,
1701,,港湾夏姫,,Summer Harbor Princess,10,1,,,,,,,,,,,,,,,,0,,4,,,,,,,,,,,,,,,,,,,,,,,,,,,,,,
1702,,港湾夏姫-壊,,Summer Harbor Princess - Damaged,10,1,,,,,,,,,,,,,,,,0,,4,,,,,,,,,,,,,,,,,,,,,,,,,,,,,,
1703,,港湾夏姫-壊,,Summer Harbor Princess - Damaged,10,1,,,,,,,,,,,,,,,,0,,4,,,,,,,,,,,,,,,,,,,,,,,,,,,,,,
1704,,港湾夏姫-壊,,Summer Harbor Princess - Damaged,10,1,,,,,,,,,,,,,,,,0,,4,,,,,,,,,,,,,,,,,,,,,,,,,,,,,,
1705,,重巡夏姫,,Summer Heavy Cruiser Princess,5,1,,,,,,,,,,,,,,,,10,,4,,,,,,,,,,,,,,,,,,,,,,,,,,,,,,
1706,,重巡夏姫,,Summer Heavy Cruiser Princess,5,1,,,,,,,,,,,,,,,,10,,4,,,,,,,,,,,,,,,,,,,,,,,,,,,,,,
1707,,重巡夏姫,,Summer Heavy Cruiser Princess,5,1,,,,,,,,,,,,,,,,10,,4,,,,,,,,,,,,,,,,,,,,,,,,,,,,,,
1708,,水母水姫,,Seaplane Tender Water Princess,16,1,,,,,,,,,,,,,,,,5,,4,,,,,,,,,,,,,,,,,,,,,,,,,,,,,,
1709,,水母水姫,,Seaplane Tender Water Princess,16,1,,,,,,,,,,,,,,,,5,,4,,,,,,,,,,,,,,,,,,,,,,,,,,,,,,
1710,,水母水姫,,Seaplane Tender Water Princess,16,1,,,,,,,,,,,,,,,,5,,4,,,,,,,,,,,,,,,,,,,,,,,,,,,,,,
1711,,深海海月姫,,Abyssal Jellyfish Princess,11,1,,,,,,,,,,,,,,,,10,,4,,,,,,,,,,,,,,,,,,,,,,,,,,,,,,
1712,,深海海月姫,,Abyssal Jellyfish Princess,11,1,,,,,,,,,,,,,,,,10,,4,,,,,,,,,,,,,,,,,,,,,,,,,,,,,,
1713,,深海海月姫,,Abyssal Jellyfish Princess,11,1,,,,,,,,,,,,,,,,10,,4,,,,,,,,,,,,,,,,,,,,,,,,,,,,,,
1714,,空母ヲ級改,flagship,Standard Carrier Wo-Class Kai Flagship,11,1,,,,,,,,,,,,,,,,10,,4,,,,,,,,,,,,,,,,,,,,,,,,,,,,,,
1715,,空母ヲ級改,flagship,Standard Carrier Wo-Class Kai Flagship,11,1,,,,,,,,,,,,,,,,10,,4,,,,,,,,,,,,,,,,,,,,,,,,,,,,,,
1716,,深海双子棲姫,,Abyssal Twin Princesses,10,1,,,,,,,,,,,,,,,,5,,4,,,,,,,,,,,,,,,,,,,,,,,,,,,,,,
1717,,深海双子棲姫,,Abyssal Twin Princesses,10,1,,,,,,,,,,,,,,,,5,,4,,,,,,,,,,,,,,,,,,,,,,,,,,,,,,
1718,,深海双子棲姫,,Abyssal Twin Princesses,10,1,,,,,,,,,,,,,,,,5,,4,,,,,,,,,,,,,,,,,,,,,,,,,,,,,,
1719,,深海双子棲姫-壊,,Abyssal Twin Princesses - Damaged,10,1,,,,,,,,,,,,,,,,5,,4,,,,,,,,,,,,,,,,,,,,,,,,,,,,,,
1720,,深海双子棲姫-壊,,Abyssal Twin Princesses - Damaged,10,1,,,,,,,,,,,,,,,,5,,4,,,,,,,,,,,,,,,,,,,,,,,,,,,,,,
1721,,深海双子棲姫-壊,,Abyssal Twin Princesses - Damaged,10,1,,,,,,,,,,,,,,,,5,,4,,,,,,,,,,,,,,,,,,,,,,,,,,,,,,
1722,,護衛棲姫,,Escort Princess,7,1,,,,,,,,,,,,,,,,5,,4,,,,,,,,,,,,,,,,,,,,,,,,,,,,,,
1723,,護衛棲姫,,Escort Princess,7,1,,,,,,,,,,,,,,,,5,,4,,,,,,,,,,,,,,,,,,,,,,,,,,,,,,
1724,,護衛棲姫,,Escort Princess,7,1,,,,,,,,,,,,,,,,5,,4,,,,,,,,,,,,,,,,,,,,,,,,,,,,,,
1725,,北端上陸姫,,Northernmost Landing Princess,10,1,,,,,,,,,,,,,,,,0,,4,,,,,,,,,,,,,,,,,,,,,,,,,,,,,,
1726,,北端上陸姫,,Northernmost Landing Princess,10,1,,,,,,,,,,,,,,,,0,,4,,,,,,,,,,,,,,,,,,,,,,,,,,,,,,
1727,,北端上陸姫,,Northernmost Landing Princess,10,1,,,,,,,,,,,,,,,,0,,4,,,,,,,,,,,,,,,,,,,,,,,,,,,,,,
1728,,北方水姫,,Northern Water Princess,10,1,,,,,,,,,,,,,,,,5,,4,,,,,,,,,,,,,,,,,,,,,,,,,,,,,,
1729,,北方水姫,,Northern Water Princess,10,1,,,,,,,,,,,,,,,,5,,4,,,,,,,,,,,,,,,,,,,,,,,,,,,,,,
1730,,北方水姫,,Northern Water Princess,10,1,,,,,,,,,,,,,,,,5,,4,,,,,,,,,,,,,,,,,,,,,,,,,,,,,,
1731,,北方水姫-壊,,Northern Water Princess - Damaged,10,1,,,,,,,,,,,,,,,,5,,4,,,,,,,,,,,,,,,,,,,,,,,,,,,,,,
1732,,北方水姫-壊,,Northern Water Princess - Damaged,10,1,,,,,,,,,,,,,,,,5,,4,,,,,,,,,,,,,,,,,,,,,,,,,,,,,,
1733,,北方水姫-壊,,Northern Water Princess - Damaged,10,1,,,,,,,,,,,,,,,,5,,4,,,,,,,,,,,,,,,,,,,,,,,,,,,,,,
1734,,軽母ヌ級改,elite,Light Carrier Nu-Class Kai Elite,7,1,,,,,,,,,,,,,,,,5,,4,,,,,,,,,,,,,,,,,,,,,,,,,,,,,,
1735,,軽母ヌ級改,flagship,Light Carrier Nu-Class Kai Flagship,7,1,,,,,,,,,,,,,,,,5,,4,,,,,,,,,,,,,,,,,,,,,,,,,,,,,,
